Category,Rang,Nom,Prenom,Club,SCMS,DB,DA,A,EXE,Pen,Total,Diff total,Diff total cumul
Federale 10-11 ans GR,1,THOMAS,Lucie,LA DRACENOISE GR,,0.6,1.8,8.2,8.066,0.0,18.666,0.0,0.0
Federale 10-11 ans GR,2,MULA,Maellys,STADE LAURENTIN GRS,,0.2,2.6,8.033,6.366,0.0,17.199,-1.467,-1.467
Federale 10-11 ans GR,3,SAYI,Lya,STADE LAURENTIN GRS,,0.6,1.7,7.633,7.166,0.0,17.099,-0.1,-1.567
Federale 10-11 ans GR,4,MADEDDU CASTOR,Alexia,AS COGOLIN GR,,0.6,1.9,8.166,6.6,0.3,16.966,-0.133,-1.7
Federale 10-11 ans GR,5,DUPOUX,Enora,ASSOCIATION INTERCOMMUNALE SPORTIVE ET ARTISTIQUE GR Côte d'Azur,,0.9,0.7,7.933,6.0,0.0,15.533,-1.433,-3.133
Federale 10-11 ans GR,6,SALOMEZ,CHARLOTTE,CLUB GYMNIQUE DE BONNEVEINE MARSEILLE,,0.1,2.4,7.266,5.7,0.0,15.466,-0.067,-3.2
Federale 10-11 ans GR,7,REVERSE,Capucine,ASSOCIATION INTERCOMMUNALE SPORTIVE ET ARTISTIQUE GR Côte d'Azur,,0.7,0.9,7.666,6.033,0.0,15.299,-0.167,-3.367
Federale 10-11 ans GR,8,DEMONTIS,Selena,UNION GYMNIQUE DU CANTON DES SOLLIES,,0.4,1.7,5.733,7.266,0.0,15.099,-0.2,-3.567
Federale 10-11 ans GR,9,BERTINI,Lana,STADE LAURENTIN GRS,,0.0,1.7,6.966,6.366,0.0,15.032,-0.067,-3.634
Federale 10-11 ans GR,10,CHAMAND,Mathilda,CLUB GYMNIQUE DE BONNEVEINE MARSEILLE,,0.0,1.5,6.8,6.3,0.0,14.6,-0.432,-4.066
Federale 10-11 ans GR,11,DELPUECH,Heloise,GYM RYTHMIQUE CLUB SALON GRANS,,0.3,2.2,7.166,4.8,0.0,14.466,-0.134,-4.2
Federale 10-11 ans GR,12,HENRY CRILLON,Tess,CLUB GYMNIQUE DE BONNEVEINE MARSEILLE,,0.0,1.4,6.7,6.766,0.6,14.266,-0.2,-4.4
Federale 10-11 ans GR,12,FURON,Julia,GYM RYTHMIQUE CLUB SALON GRANS,,0.4,1.2,7.566,5.1,0.0,14.266,0.0,-4.4
Federale 10-11 ans GR,14,LARDIDI,Lina,SPORTS LOISIRS ET CULTURE DE MARTIGUES GYMNASTIQUE RYTHMIQUE,,0.5,1.1,5.333,6.366,0.0,13.299,-0.967,-5.367
Federale 10-11 ans GR,15,MORRELLI,Alexy,GYM RYTHMIC VITROLLES,,0.0,0.6,6.8,5.633,0.0,13.033,-0.266,-5.633
Federale 10-11 ans GR,16,TASTEYRE,Chiara,GYM RYTHMIC VITROLLES,,0.5,0.2,6.366,5.733,0.0,12.799,-0.234,-5.867
Federale 10-11 ans GR,17,NICOLAS,APOLLINE,GYM RYTHMIQUE CLUB SALON GRANS,,0.0,0.6,6.6,4.1,0.0,11.3,-1.499,-7.366
Federale 10-11 ans GR,18,MURDEN,Keanna,CLUB GYMNIQUE DE BONNEVEINE MARSEILLE,,0.0,0.9,4.733,5.033,0.3,10.366,-0.934,-8.3
Federale 10-11 ans GR,19,GUIGE,Julia,SAINT PAUL LA COLLE OMNISPORTS CLUB GYMNASTIQUE RYTHMIQUE,,0.0,0.1,5.2,4.633,0.0,9.933,-0.433,-8.733
Category,Rang,Nom,Prenom,Club,SCMS,DB,DA,A,EXE,Pen,Total,Diff total,Diff total cumul
Federale 12-13 ans GR,1,KLOTCHKO,Kristina,SOCIETE CULTURELLE ET OMNISPORTS DE SAINTE-MARGUERITE,,1.2,1.8,8.3,8.266,0.0,19.566,0.0,0.0
Federale 12-13 ans GR,2,MARCOS,Elina,GYM RYTHMIQUE CLUB SALON GRANS,,0.8,1.9,8.233,7.2,0.0,18.133,-1.433,-1.433
Federale 12-13 ans GR,3,DANNA,Letizia,SAINT PAUL LA COLLE OMNISPORTS CLUB GYMNASTIQUE RYTHMIQUE,,1.1,1.5,8.133,7.066,0.0,17.799,-0.334,-1.767
Federale 12-13 ans GR,4,JEAN,Camille,CLUB GYMNIQUE DE BONNEVEINE MARSEILLE,,0.3,1.1,7.833,8.233,0.0,17.466,-0.333,-2.1
Federale 12-13 ans GR,5,ACREMENT,Amadea,GYMNASTIQUE RYTHMIQUE AIX EN PROVENCE,,0.6,2.1,8.0,6.733,0.0,17.433,-0.033,-2.133
Federale 12-13 ans GR,6,DUVAL,Maëlys,GYMNASTIQUE RYTHMIQUE AIX EN PROVENCE,,0.6,2.2,7.9,5.766,0.0,16.466,-0.967,-3.1
Federale 12-13 ans GR,7,ESCLOPE,Romane,GYMNASTIQUE RYTHMIQUE AIX EN PROVENCE,,0.0,1.7,7.333,6.9,0.0,15.933,-0.533,-3.633
Federale 12-13 ans GR,8,COLLET SCHMELTZER,Léa,CLUB GYMNIQUE DE BONNEVEINE MARSEILLE,,0.6,1.0,7.266,7.0,0.0,15.866,-0.067,-3.7
Federale 12-13 ans GR,9,FARAMIA,Annael,ASSOCIATION INTERCOMMUNALE SPORTIVE ET ARTISTIQUE GR Côte d'Azur,,1.0,1.0,6.833,6.9,0.0,15.733,-0.133,-3.833
Federale 12-13 ans GR,10,CARRASCO,Emma,GYMNASTIQUE RYTHMIQUE AIX EN PROVENCE,,0.8,2.0,5.966,6.766,0.0,15.532,-0.201,-4.034
Federale 12-13 ans GR,11,PEREZ,Anaïa,UNION GYMNIQUE DU CANTON DES SOLLIES,,1.0,1.2,6.3,6.6,0.0,15.1,-0.432,-4.466
Federale 12-13 ans GR,12,TOBIA,Charlotte,SAINT PAUL LA COLLE OMNISPORTS CLUB GYMNASTIQUE RYTHMIQUE,,0.5,1.1,6.433,6.9,0.0,14.933,-0.167,-4.633
Federale 12-13 ans GR,13,DELMI,Kamelia,CLUB GYMNIQUE DE BONNEVEINE MARSEILLE,,0.3,1.0,7.266,5.733,0.0,14.299,-0.634,-5.267
Federale 12-13 ans GR,14,TRANI,Alyson,CLUB GYMNIQUE DE BONNEVEINE MARSEILLE,,0.0,0.8,7.533,5.366,0.0,13.699,-0.6,-5.867
Federale 12-13 ans GR,15,BOTTI,Victoria,GYM RYTHMIC VITROLLES,,0.4,1.1,6.3,5.3,0.0,13.1,-0.599,-6.466
Federale 12-13 ans GR,16,QUEVAL,Marie,SPORTING CLUB MOUANS SARTOUX GYMNASTIQUE RYTHMIQUE,x,0.3,1.2,6.133,5.433,0.0,13.066,-0.034,-6.5
Federale 12-13 ans GR,17,CAMPISTRON,Lou,CLUB GYMNIQUE DE BONNEVEINE MARSEILLE,,0.0,0.6,7.4,5.033,0.0,13.033,-0.033,-6.533
Federale 12-13 ans GR,18,MASSERAND,Lilou,UNION GYMNIQUE DU CANTON DES SOLLIES,,0.5,0.9,6.033,5.133,0.0,12.566,-0.467,-7.0
Federale 12-13 ans GR,19,REYNAUD,Hanae,GYM RYTHMIQUE CLUB SALON GRANS,,0.3,1.6,5.566,5.033,0.0,12.499,-0.067,-7.067
Federale 12-13 ans GR,20,KIEFFER,Annaé,ASSOCIATION SPORTIVE ST RAPHAELOISE GRS,,0.1,0.9,5.666,5.666,0.0,12.332,-0.167,-7.234
Federale 12-13 ans GR,21,RONDONY,Nejma,GYMNASTIQUE RYTHMIQUE AIX EN PROVENCE,,0.3,1.6,5.3,4.9,0.0,12.1,-0.232,-7.466
Category,Rang,Nom,Prenom,Club,SCMS,DB,DA,A,EXE,Pen,Total,Diff total,Diff total cumul
Federale 14-15 ans GR,1,ARNOLD,Léonie,ISTRES GYMNASTIQUE RYTHMIQUE,,1.4,1.7,8.333,7.566,0.0,18.999,0.0,0.0
Federale 14-15 ans GR,2,BECK,Asia-mae,SAINT PAUL LA COLLE OMNISPORTS CLUB GYMNASTIQUE RYTHMIQUE,,1.5,1.1,8.133,7.766,0.0,18.499,-0.5,-0.5
Federale 14-15 ans GR,3,IWA,Vittoria,LA DRACENOISE GR,,0.8,2.1,8.1,7.2,0.0,18.2,-0.299,-0.799
Federale 14-15 ans GR,4,RICHARD,Pauline,GYMNASTIQUE RYTHMIQUE AIX EN PROVENCE,,1.7,2.0,7.433,6.933,0.0,18.066,-0.134,-0.933
Federale 14-15 ans GR,5,DUMONT,Mahée,SOCIETE CULTURELLE ET OMNISPORTS DE SAINTE-MARGUERITE,,1.3,1.8,6.9,7.566,0.0,17.566,-0.5,-1.433
Federale 14-15 ans GR,6,LANGLOIS,Yléa,SOCIETE CULTURELLE ET OMNISPORTS DE SAINTE-MARGUERITE,,1.1,1.6,7.7,6.966,0.0,17.366,-0.2,-1.633
Federale 14-15 ans GR,7,STORME,Lizie,GYM RYTHMIQUE CLUB SALON GRANS,,1.2,0.9,7.266,7.433,0.0,16.799,-0.567,-2.2
Federale 14-15 ans GR,8,ISNARDON,Agathe,CLUB GYMNIQUE DE BONNEVEINE MARSEILLE,,1.1,1.1,7.633,6.666,0.0,16.499,-0.3,-2.5
Federale 14-15 ans GR,9,CANAVESE,Léa,GYMNASTIQUE RYTHMIQUE AIX EN PROVENCE,,1.6,1.2,7.0,6.566,0.0,16.366,-0.133,-2.633
Federale 14-15 ans GR,10,HUGUERRE,Louise,GYM RYTHMIQUE CLUB SALON GRANS,,0.9,1.9,6.833,6.566,0.0,16.199,-0.167,-2.8
Federale 14-15 ans GR,11,HALLEZ,Iris,LA DRACENOISE GR,,0.8,1.5,6.366,7.266,0.0,15.932,-0.267,-3.067
Federale 14-15 ans GR,12,SOKOLOWSKI,Keylia,GYMNASTIQUE RYTHMIQUE FREJUS,,1.4,1.2,7.033,6.233,0.0,15.866,-0.066,-3.133
Federale 14-15 ans GR,13,BERTELLO,Annelise,SPORTING CLUB MOUANS SARTOUX GYMNASTIQUE RYTHMIQUE,x,0.9,1.2,6.833,6.5,0.0,15.433,-0.433,-3.566
Federale 14-15 ans GR,13,HAMALIAN,Liv,STADE LAURENTIN GRS,,0.8,2.1,7.233,5.3,0.0,15.433,0.0,-3.566
Federale 14-15 ans GR,13,ZEDADKA,Jade,ENTENTE GYMNIQUE GRAND AVIGNON,,0.5,1.0,6.533,7.4,0.0,15.433,0.0,-3.566
Federale 14-15 ans GR,16,CAMARA,Lylou,SAINT PAUL LA COLLE OMNISPORTS CLUB GYMNASTIQUE RYTHMIQUE,,1.1,1.1,6.9,6.266,0.0,15.366,-0.067,-3.633
Federale 14-15 ans GR,17,VELLIEUX,Lou,GYMNASTIQUE RYTHMIQUE AIX EN PROVENCE,,0.6,1.1,7.433,6.133,0.0,15.266,-0.1,-3.733
Federale 14-15 ans GR,18,BOUFAIED,Maia,STADE LAURENTIN GRS,,0.5,2.0,6.2,6.533,0.0,15.233,-0.033,-3.766
Federale 14-15 ans GR,19,BALDACCI,Chiara,CLUB OMNISPORTS BANDOL SECTION GR,,1.1,1.4,7.0,5.666,0.0,15.166,-0.067,-3.833
Federale 14-15 ans GR,20,ENON,Naïs,CLUB GYMNIQUE DE BONNEVEINE MARSEILLE,,0.7,1.3,6.333,6.733,0.0,15.066,-0.1,-3.933
Federale 14-15 ans GR,21,DEWE,Eloïse,UNION GYMNIQUE DU CANTON DES SOLLIES,,0.8,1.0,7.166,6.0,0.0,14.966,-0.1,-4.033
Federale 14-15 ans GR,22,ARGAUD,Camille,ASSOCIATION SPORTIVE ST RAPHAELOISE GRS,,0.2,2.4,5.7,6.233,0.0,14.533,-0.433,-4.466
Federale 14-15 ans GR,23,BEVER,Calie,ENTENTE GYMNIQUE GRAND AVIGNON,,0.6,0.8,7.233,5.866,0.0,14.499,-0.034,-4.5
Federale 14-15 ans GR,24,CADEAU,Laurine,GYMNASTIQUE RYTHMIQUE AIX EN PROVENCE,,1.3,1.3,5.4,6.366,0.0,14.366,-0.133,-4.633
Federale 14-15 ans GR,25,MUNOZ,Rose,ASSOCIATION SPORTIVE ST RAPHAELOISE GRS,,0.4,1.5,6.533,5.7,0.0,14.133,-0.233,-4.866
Federale 14-15 ans GR,26,COWIE,Jessica,AS COGOLIN GR,,0.5,1.3,6.6,5.7,0.0,14.1,-0.033,-4.899
Federale 14-15 ans GR,27,BERNARD,Louna,STADE LAURENTIN GRS,,0.2,1.3,6.7,5.6,0.0,13.8,-0.3,-5.199
Federale 14-15 ans GR,28,BRULE CHAGAS,Nahia,GYMNASTIQUE RYTHMIQUE FREJUS,,0.7,0.6,6.533,5.933,0.0,13.766,-0.034,-5.233
Federale 14-15 ans GR,29,SANCHIS,Enola,STADE LAURENTIN GRS,,0.4,1.3,6.3,5.4,0.0,13.4,-0.366,-5.599
Federale 14-15 ans GR,30,DUPONT TURK,Karen,STADE LAURENTIN GRS,,0.4,1.2,6.133,5.533,0.0,13.266,-0.134,-5.733
Federale 14-15 ans GR,31,GERMAIN,Juliette,ASSOCIATION SPORTIVE ST RAPHAELOISE GRS,,0.1,1.1,4.9,6.266,0.0,12.366,-0.9,-6.633
Federale 14-15 ans GR,32,MAUNY,Kamille,ASSOCIATION SPORTIVE ST RAPHAELOISE GRS,,0.3,0.7,5.366,5.866,0.0,12.232,-0.134,-6.767
Federale 14-15 ans GR,33,GARNIER,Hermine,ASSOCIATION SPORTIVE ST RAPHAELOISE GRS,,0.1,1.0,5.966,5.133,0.0,12.199,-0.033,-6.8
Federale 14-15 ans GR,34,NOUAILLE,Chloé,GYM RYTHMIC VITROLLES,,0.2,0.7,5.2,5.166,0.0,11.266,-0.933,-7.733
Federale 14-15 ans GR,35,ICARD,Flora,ASSOCIATION SPORTIVE ST RAPHAELOISE GRS,,0.3,1.0,4.1,5.633,0.0,11.033,-0.233,-7.966
Federale 14-15 ans GR,36,ZURRU,Chloé,ASSOCIATION SPORTIVE ST RAPHAELOISE GRS,,0.3,0.9,4.133,5.4,0.0,10.733,-0.3,-8.266
Category,Rang,Nom,Prenom,Club,SCMS,DB,DA,A,EXE,Pen,Total,Diff total,Diff total cumul
Federale 16-17 ans GR,1,SORRENTINO,Lalie,STADE LAURENTIN GRS,,1.4,3.0,7.566,6.8,0.0,18.766,0.0,0.0
Federale 16-17 ans GR,1,SCHIMOWSKI,Philine,SAINT PAUL LA COLLE OMNISPORTS CLUB GYMNASTIQUE RYTHMIQUE,,1.6,1.6,8.133,7.433,0.0,18.766,0.0,0.0
Federale 16-17 ans GR,3,DELMAS,Emilie,STADE LAURENTIN GRS,,1.0,2.5,7.833,7.3,0.0,18.633,-0.133,-0.133
Federale 16-17 ans GR,4,HABART,Maeva,ISTRES GYMNASTIQUE RYTHMIQUE,,0.9,2.2,7.5,7.9,0.0,18.5,-0.133,-0.266
Federale 16-17 ans GR,5,HUGOL,Paloma,CLUB OMNISPORTS BANDOL SECTION GR,,1.5,1.4,7.6,7.866,0.0,18.366,-0.134,-0.4
Federale 16-17 ans GR,6,KRAVTCHENKO,Kiara,ISTRES GYMNASTIQUE RYTHMIQUE,,1.0,2.1,7.2,7.866,0.0,18.166,-0.2,-0.6
Federale 16-17 ans GR,7,FOURCIN,Jade,SPORTS LOISIRS ET CULTURE DE MARTIGUES GYMNASTIQUE RYTHMIQUE,,0.9,2.1,7.766,6.733,0.0,17.499,-0.667,-1.267
Federale 16-17 ans GR,8,FLOQUET,Liza,LA DRACENOISE GR,,0.9,0.7,8.033,7.8,0.0,17.433,-0.066,-1.333
Federale 16-17 ans GR,9,MESGUICH-JAFFEUX,Clemence,STADE LAURENTIN GRS,,1.1,1.9,7.233,7.1,0.0,17.333,-0.1,-1.433
Federale 16-17 ans GR,10,ALIX,Chloë,A.J.S. LA GARDE GRS,,1.2,1.3,7.266,7.433,0.0,17.199,-0.134,-1.567
Federale 16-17 ans GR,11,MINASIAN,Sarah,SPORTS LOISIRS ET CULTURE DE MARTIGUES GYMNASTIQUE RYTHMIQUE,,1.2,1.7,7.7,6.466,0.0,17.066,-0.133,-1.7
Federale 16-17 ans GR,12,VITALI,Eileen,STADE LAURENTIN GRS,,1.2,1.3,7.466,6.9,0.0,16.866,-0.2,-1.9
Federale 16-17 ans GR,13,ROSSINES,Lena,SPORTING CLUB MOUANS SARTOUX GYMNASTIQUE RYTHMIQUE,x,1.2,1.7,7.533,5.666,0.0,16.099,-0.767,-2.667
Federale 16-17 ans GR,14,BOUTEILLE-THIELY,Lou ann,CLUB DE GRS ET FUNK JAZZ DE GRIMAUD,,0.4,0.7,7.0,7.933,0.0,16.033,-0.066,-2.733
Federale 16-17 ans GR,15,ROUX,Eva,LA DRACENOISE GR,,0.6,1.0,7.633,6.566,0.0,15.799,-0.234,-2.967
Federale 16-17 ans GR,16,MONROSE,Maeva,SPORTS LOISIRS ET CULTURE DE MARTIGUES GYMNASTIQUE RYTHMIQUE,,0.8,1.5,6.733,6.7,0.0,15.733,-0.066,-3.033
Federale 16-17 ans GR,17,LEFRANC,Angélina,CLUB GYMNIQUE DE BONNEVEINE MARSEILLE,,0.7,0.7,6.666,7.6,0.0,15.666,-0.067,-3.1
Federale 16-17 ans GR,18,RUSCHETTI,Amy,AS COGOLIN GR,,1.4,0.9,7.8,5.966,0.6,15.466,-0.2,-3.3
Federale 16-17 ans GR,19,FRACHON,Aselle,SOCIETE CULTURELLE ET OMNISPORTS DE SAINTE-MARGUERITE,,0.6,0.7,7.533,6.6,0.0,15.433,-0.033,-3.333
Federale 16-17 ans GR,20,DANIEL,Anaïs,GYM RYTHMIC VITROLLES,,0.9,0.4,7.333,6.766,0.0,15.399,-0.034,-3.367
Federale 16-17 ans GR,21,BUC,Eloise,LA DRACENOISE GR,,0.9,0.0,7.5,6.966,0.0,15.366,-0.033,-3.4
Federale 16-17 ans GR,22,LEFEBVRE,Lola,A.J.S. LA GARDE GRS,,1.0,0.8,6.966,5.866,0.0,14.632,-0.734,-4.134
Federale 16-17 ans GR,23,GENQUET,Candice,SPORTING CLUB MOUANS SARTOUX GYMNASTIQUE RYTHMIQUE,x,1.5,0.1,6.333,5.866,0.0,13.799,-0.833,-4.967
Federale 16-17 ans GR,24,SCHMIDLIN,Jade,SPORTING CLUB MOUANS SARTOUX GYMNASTIQUE RYTHMIQUE,x,0.9,0.7,6.566,5.233,0.0,13.399,-0.4,-5.367
Federale 16-17 ans GR,25,EL GUERFTI,NAELLE,ASPTT NICE GR,,0.4,0.6,6.6,5.666,0.0,13.266,-0.133,-5.5
Federale 16-17 ans GR,26,FRAU,Catalina,CLUB GYMNIQUE DE BONNEVEINE MARSEILLE,,0.4,1.1,5.733,5.9,0.0,13.133,-0.133,-5.633
Federale 16-17 ans GR,27,MASSIE MION,Juliette,CLUB DE GRS ET FUNK JAZZ DE GRIMAUD,,0.2,0.5,4.7,6.3,0.0,11.7,-1.433,-7.066
Category,Rang,Nom,Prenom,Club,SCMS,DB,DA,A,EXE,Pen,Total,Diff total,Diff total cumul
Federale 18 ans et plus GR,1,LANDWERLIN,Kelly,SOCIETE CULTURELLE ET OMNISPORTS DE SAINTE-MARGUERITE,,1.7,3.0,8.366,8.6,0.0,21.666,0.0,0.0
Federale 18 ans et plus GR,2,BERTAUD,Anna,SPORTS LOISIRS ET CULTURE DE MARTIGUES GYMNASTIQUE RYTHMIQUE,,1.8,1.6,6.1,7.7,0.0,17.2,-4.466,-4.466
Federale 18 ans et plus GR,3,VU,Kimberley,ISTRES GYMNASTIQUE RYTHMIQUE,,1.3,2.0,6.4,7.3,0.0,17.0,-0.2,-4.666
Federale 18 ans et plus GR,4,RIGAUD BRUN,Cecile,ASSOCIATION SPORTIVE ST RAPHAELOISE GRS,,1.2,1.9,6.8,6.933,0.0,16.833,-0.167,-4.833
Federale 18 ans et plus GR,5,DESTANQUE,CLAIRE,GYMNASTIQUE RYTHMIQUE AIX EN PROVENCE,,0.4,2.4,6.966,6.766,0.0,16.532,-0.301,-5.134
Federale 18 ans et plus GR,6,ROINSOL,Ivana,CLUB OMNISPORTS BANDOL SECTION GR,,0.9,1.5,6.9,6.966,0.0,16.266,-0.266,-5.4
Federale 18 ans et plus GR,7,DAO,Clémence,SOCIETE CULTURELLE ET OMNISPORTS DE SAINTE-MARGUERITE,,1.1,1.9,6.533,6.5,0.0,16.033,-0.233,-5.633
Federale 18 ans et plus GR,8,TYRAN,LOUISE,GYMNASTIQUE RYTHMIQUE AIX EN PROVENCE,,1.2,2.0,5.7,7.0,0.0,15.9,-0.133,-5.766
Federale 18 ans et plus GR,9,OCCASO MERCAN,Amarys,CLUB DE GRS ET FUNK JAZZ DE GRIMAUD,,1.4,1.9,5.933,6.8,0.3,15.733,-0.167,-5.933
Federale 18 ans et plus GR,10,COSSET,Emilia,GYMNASTIQUE RYTHMIQUE AIX EN PROVENCE,,1.2,1.9,6.066,6.433,0.0,15.599,-0.134,-6.067
Federale 18 ans et plus GR,11,LAUWERS,Margot,CLUB DE GRS ET FUNK JAZZ DE GRIMAUD,,0.9,1.4,6.433,6.7,0.0,15.433,-0.166,-6.233
Federale 18 ans et plus GR,12,LOSSO,Anastasia,ASSOCIATION SPORTIVE ST RAPHAELOISE GRS,,1.2,1.6,6.2,6.0,0.0,15.0,-0.433,-6.666
Federale 18 ans et plus GR,13,BERVA,Julie,GYM RYTHMIC VITROLLES,,0.8,1.0,7.233,5.866,0.0,14.899,-0.101,-6.767
Federale 18 ans et plus GR,14,FRAIZE,Enza,AS COGOLIN GR,,0.5,1.6,7.3,5.433,0.0,14.833,-0.066,-6.833
Federale 18 ans et plus GR,15,CATALA,Lilou,GYM RYTHMIC VITROLLES,,0.1,1.0,7.666,5.866,0.0,14.632,-0.201,-7.034
Federale 18 ans et plus GR,16,ANTOINE,Eva,GYM RYTHMIQUE CLUB SALON GRANS,,1.6,1.0,6.666,5.433,0.2,14.499,-0.133,-7.167
Federale 18 ans et plus GR,17,MOTTE,Alice,GYM RYTHMIQUE CLUB SALON GRANS,,0.7,1.2,6.4,6.133,0.0,14.433,-0.066,-7.233
Federale 18 ans et plus GR,18,CAUQUIL,Léa,GYM RYTHMIC VITROLLES,,0.4,1.3,6.933,5.7,0.0,14.333,-0.1,-7.333
Federale 18 ans et plus GR,19,RIVIECCIO,Inès,GYM RYTHMIC VITROLLES,,1.4,0.9,6.366,5.933,0.3,14.299,-0.034,-7.367
Federale 18 ans et plus GR,20,CANIONI,LAETITIA,A.J.S. LA GARDE GRS,,1.2,1.6,5.233,6.233,0.3,13.966,-0.333,-7.7
Federale 18 ans et plus GR,21,POIROT-ROZEC,Justine,LA DRACENOISE GR,,0.7,1.2,5.1,6.766,0.0,13.766,-0.2,-7.9
Federale 18 ans et plus GR,22,UGO,Chloé,GYM RYTHMIC VITROLLES,,0.9,0.8,6.7,5.066,0.0,13.466,-0.3,-8.2
Federale 18 ans et plus GR,23,ARNAUD-GEORGES,Megane,LA DRACENOISE GR,,0.6,0.8,5.3,6.3,0.0,13.0,-0.466,-8.666
Federale 18 ans et plus GR,24,ROSSI—PETITCLERC,Océane,GYMNASTIQUE RYTHMIQUE AIX EN PROVENCE,,0.4,1.0,5.4,5.533,0.0,12.333,-0.667,-9.333
Federale 18 ans et plus GR,25,ABDENEBI,Selma,CLUB DE GRS ET FUNK JAZZ DE GRIMAUD,,0.2,1.0,4.7,6.333,0.0,12.233,-0.1,-9.433
Federale 18 ans et plus GR,26,BOGRIS,Anastasia,CLUB OMNISPORTS BANDOL SECTION GR,,0.8,0.7,5.733,4.8,0.0,12.033,-0.2,-9.633
Federale 18 ans et plus GR,27,CARRION,Elodie,ASSOCIATION SPORTIVE ST RAPHAELOISE GRS,,0.0,1.2,5.266,5.266,0.0,11.732,-0.301,-9.934
Federale 18 ans et plus GR,28,MURDEN,Ilana,CLUB GYMNIQUE DE BONNEVEINE MARSEILLE,,0.8,0.8,5.066,4.9,0.0,11.566,-0.166,-10.1
Federale 18 ans et plus GR,29,CADOU,Cyrielle,SPORTING CLUB MOUANS SARTOUX GYMNASTIQUE RYTHMIQUE,x,0.1,1.1,4.366,5.6,0.0,11.166,-0.4,-10.5
Federale 18 ans et plus GR,30,MORETTI,Loanne,CLUB GYMNIQUE DE BONNEVEINE MARSEILLE,,0.8,0.6,4.266,5.466,0.0,11.132,-0.034,-10.534
Federale 18 ans et plus GR,31,CORMERAIS,Marine,SPORTING CLUB MOUANS SARTOUX GYMNASTIQUE RYTHMIQUE,x,0.4,1.4,3.466,5.166,0.0,10.432,-0.7,-11.234
Federale 18 ans et plus GR,32,LOMBARDO,Kiara,SPORTS LOISIRS ET CULTURE DE MARTIGUES GYMNASTIQUE RYTHMIQUE,,1.4,0.9,2.633,4.966,0.0,9.899,-0.533,-11.767
Federale 18 ans et plus GR,33,RIZZO,Manon,ENTENTE GYMNIQUE GRAND AVIGNON,,1.4,0.5,2.333,5.866,0.3,9.799,-0.1,-11.867
Category,Rang,Nom,Prenom,Club,SCMS,DB,DA,A,EXE,Pen,Total,Diff total,Diff total cumul
Nationale 10 ans GR,1,BOGDANOVA,Sylvia,ASPTT NICE GR,,6.2,,8.833,8.033,0.0,23.066,-20.033,-20.033
Nationale 10 ans GR,2,PELLETIER,Tara,UNION GYMNIQUE DU CANTON DES SOLLIES,,2.0,,7.733,7.433,0.0,17.166,-25.933,-25.933
Nationale 10 ans GR,3,MALKIN,Yasmina,GR COTE D'AZUR,,3.4,,7.266,6.133,0.0,16.799,-17.266,-26.3
Nationale 10 ans GR,4,LAHOUD,Catherine,MONACO GYMNASTIQUE RYTHMIQUE,,1.5,,5.833,5.233,0.0,12.566,-21.166,-30.533
Nationale 10 ans GR,5,BOUZOU,Maya,LICENCES INDIVIDUELLES FFGym,,1.2,,5.433,4.266,0.0,10.899,-14.3,-32.2
Nationale 10 ans GR,6,KISELEVA,Yaroslava,LICENCES INDIVIDUELLES FFGym,,1.4,,4.7,3.9,0.0,10.0,-10.365,-33.099
Nationale 10 ans GR,1,BOGDANOVA,Sylvia,ASPTT NICE GR,,3.5,2.9,7.9,5.733,0.0,20.033,-23.066,-23.066
Nationale 10 ans GR,2,PELLETIER,Tara,UNION GYMNIQUE DU CANTON DES SOLLIES,,2.3,2.1,6.233,6.266,0.0,16.899,-26.2,-26.2
Nationale 10 ans GR,3,MALKIN,Yasmina,GR COTE D'AZUR,,2.8,1.2,6.8,6.133,0.0,16.933,-17.132,-26.166
Nationale 10 ans GR,4,LAHOUD,Catherine,MONACO GYMNASTIQUE RYTHMIQUE,,0.5,1.5,6.133,4.5,0.0,12.633,-21.099,-30.466
Nationale 10 ans GR,5,BOUZOU,Maya,LICENCES INDIVIDUELLES FFGym,,0.9,0.4,5.266,2.9,0.0,9.466,-15.733,-33.633
Nationale 10 ans GR,6,KISELEVA,Yaroslava,LICENCES INDIVIDUELLES FFGym,,0.1,0.8,4.5,2.0,0.0,7.4,-12.965,-35.699
Category,Rang,Nom,Prenom,Club,SCMS,DB,DA,A,EXE,Pen,Total,Diff total,Diff total cumul
Nationale 11 ans GR,1,USTINOV,Eva,GR COTE D'AZUR,,4.0,3.4,7.566,7.0,0.0,21.966,-21.466,-21.466
Nationale 11 ans GR,2,LAURON,Apolline,GR COTE D'AZUR,,3.7,3.0,6.866,7.133,0.0,20.699,-22.733,-22.733
Nationale 11 ans GR,3,PREDALI,Emma,SAINT PAUL LA COLLE OMNISPORTS CLUB GYMNASTIQUE RYTHMIQUE,,3.6,3.9,8.166,7.566,0.0,23.232,-19.766,-20.2
Nationale 11 ans GR,4,DE-AQUINO,Kiara,STADE LAURENTIN GRS,,1.3,2.1,6.866,8.133,0.0,18.399,-24.066,-25.033
Nationale 11 ans GR,5,KOLGANOVA,Evangelina,MONACO GYMNASTIQUE RYTHMIQUE,,2.0,2.4,6.8,6.666,0.0,17.866,-20.999,-25.566
Nationale 11 ans GR,6,JALET,Vicky,SAINT PAUL LA COLLE OMNISPORTS CLUB GYMNASTIQUE RYTHMIQUE,,2.9,2.4,7.4,6.566,0.0,19.266,-18.533,-24.166
Nationale 11 ans GR,7,CHELMINIAK COQUET,Manon,SOCIETE CULTURELLE ET OMNISPORTS DE SAINTE-MARGUERITE,,2.0,2.8,6.466,6.3,0.0,17.566,-19.566,-25.866
Nationale 11 ans GR,8,LANCELIN,Emmie,UNION GYMNIQUE DU CANTON DES SOLLIES,,1.6,2.0,7.0,6.266,0.0,16.866,-18.833,-26.566
Nationale 11 ans GR,9,MASSON,Léna,ISTRES GYMNASTIQUE RYTHMIQUE,,2.6,1.6,7.433,6.266,0.0,17.899,-17.2,-25.533
Nationale 11 ans GR,10,MARIANI,Roxanne,SAINT PAUL LA COLLE OMNISPORTS CLUB GYMNASTIQUE RYTHMIQUE,,2.6,2.5,7.5,4.233,0.0,16.833,-16.832,-26.599
Nationale 11 ans GR,11,DISSARD,Naomi,GYMNASTIQUE RYTHMIQUE AIX EN PROVENCE,,2.5,1.4,6.233,4.733,0.0,14.866,-18.6,-28.566
Nationale 11 ans GR,12,CELESTIN,Ciana,GYM RYTHMIQUE CLUB SALON GRANS,,2.5,1.8,7.0,4.366,0.0,15.666,-16.933,-27.766
Nationale 11 ans GR,13,ROUX,Jade,ISTRES GYMNASTIQUE RYTHMIQUE,,1.4,1.7,7.0,3.9,0.3,13.7,-18.732,-29.732
Nationale 11 ans GR,14,CHAPUIS,Deimanté,GYMNASTIQUE RYTHMIQUE AIX EN PROVENCE,,1.8,1.5,5.766,4.166,0.0,13.232,-17.934,-30.2
Nationale 11 ans GR,15,FEDAY,Yeva,MONACO GYMNASTIQUE RYTHMIQUE,,2.0,2.3,5.166,4.4,0.0,13.866,-16.299,-29.566
Nationale 11 ans GR,16,MONDIOT,Louane,STADE LAURENTIN GRS,,1.3,0.9,5.666,6.233,0.0,14.099,-15.233,-29.333
Nationale 11 ans GR,17,GOSSET DROZDZOWSKI,Thalie,GYMNASTIQUE RYTHMIQUE AIX EN PROVENCE,,1.2,1.6,6.133,3.733,0.0,12.666,-15.565,-30.766
Nationale 11 ans GR,1,USTINOV,Eva,GR COTE D'AZUR,,5.8,,8.1,7.566,0.0,21.466,-21.966,-21.966
Nationale 11 ans GR,2,LAURON,Apolline,GR COTE D'AZUR,,6.4,,8.333,7.566,0.0,22.299,-21.133,-21.133
Nationale 11 ans GR,3,PREDALI,Emma,SAINT PAUL LA COLLE OMNISPORTS CLUB GYMNASTIQUE RYTHMIQUE,,3.4,,8.5,7.333,0.0,19.233,-23.765,-24.199
Nationale 11 ans GR,4,DE-AQUINO,Kiara,STADE LAURENTIN GRS,,4.6,,8.733,7.133,0.0,20.466,-21.999,-22.966
Nationale 11 ans GR,5,KOLGANOVA,Evangelina,MONACO GYMNASTIQUE RYTHMIQUE,,3.0,,8.833,8.1,0.0,19.933,-18.932,-23.499
Nationale 11 ans GR,6,JALET,Vicky,SAINT PAUL LA COLLE OMNISPORTS CLUB GYMNASTIQUE RYTHMIQUE,,3.5,,7.133,7.233,0.0,17.866,-19.933,-25.566
Nationale 11 ans GR,7,CHELMINIAK COQUET,Manon,SOCIETE CULTURELLE ET OMNISPORTS DE SAINTE-MARGUERITE,,3.8,,7.7,6.633,0.0,18.133,-18.999,-25.299
Nationale 11 ans GR,8,LANCELIN,Emmie,UNION GYMNIQUE DU CANTON DES SOLLIES,,2.7,,8.533,7.0,0.0,18.233,-17.466,-25.199
Nationale 11 ans GR,9,MASSON,Léna,ISTRES GYMNASTIQUE RYTHMIQUE,,3.9,,6.6,5.266,0.0,15.766,-19.333,-27.666
Nationale 11 ans GR,10,MARIANI,Roxanne,SAINT PAUL LA COLLE OMNISPORTS CLUB GYMNASTIQUE RYTHMIQUE,,2.6,,7.0,7.033,0.0,16.633,-17.032,-26.799
Nationale 11 ans GR,11,DISSARD,Naomi,GYMNASTIQUE RYTHMIQUE AIX EN PROVENCE,,3.2,,8.133,6.4,0.0,17.733,-15.733,-25.699
Nationale 11 ans GR,12,CELESTIN,Ciana,GYM RYTHMIQUE CLUB SALON GRANS,,2.9,,7.833,6.033,0.0,16.766,-15.833,-26.666
Nationale 11 ans GR,13,ROUX,Jade,ISTRES GYMNASTIQUE RYTHMIQUE,,3.8,,7.233,6.433,0.0,17.466,-14.966,-25.966
Nationale 11 ans GR,14,CHAPUIS,Deimanté,GYMNASTIQUE RYTHMIQUE AIX EN PROVENCE,,3.5,,6.233,7.2,0.0,16.933,-14.233,-26.499
Nationale 11 ans GR,15,FEDAY,Yeva,MONACO GYMNASTIQUE RYTHMIQUE,,2.6,,5.733,7.133,0.0,15.466,-14.699,-27.966
Nationale 11 ans GR,16,MONDIOT,Louane,STADE LAURENTIN GRS,,2.7,,6.166,5.266,0.0,14.132,-15.2,-29.3
Nationale 11 ans GR,17,GOSSET DROZDZOWSKI,Thalie,GYMNASTIQUE RYTHMIQUE AIX EN PROVENCE,,2.6,,6.466,4.833,0.0,13.899,-14.332,-29.533
Category,Rang,Nom,Prenom,Club,SCMS,DB,DA,A,EXE,Pen,Total,Diff total,Diff total cumul
Nationale 7-9 ans GR,1,GREBLIAUSKAS,Elisabeth,ASPTT NICE GR,,0.6,0.7,5.266,5.266,0.0,11.832,-13.2,-13.2
Nationale 7-9 ans GR,2,RADAELLI,Nicole,GR COTE D'AZUR,,1.6,0.5,5.133,5.166,0.0,12.399,-12.633,-12.633
Nationale 7-9 ans GR,3,TRIFONOV,Maria,ASPTT NICE GR,,0.6,1.2,5.533,3.866,0.0,11.199,-12.433,-13.833
Nationale 7-9 ans GR,4,GRUFFAZ,Dasha,GR COTE D'AZUR,,0.4,0.9,4.666,4.233,0.0,10.199,-13.366,-14.833
Nationale 7-9 ans GR,5,FERRIE,Oriana,UNION GYMNIQUE DU CANTON DES SOLLIES,,0.5,0.0,3.3,4.566,0.0,8.366,-11.832,-16.666
Nationale 7-9 ans GR,6,HMAD,Ilyana,GR COTE D'AZUR,,1.2,0.8,3.3,2.966,0.6,7.666,-12.266,-17.366
Nationale 7-9 ans GR,7,MANGIONE,Eva,GR COTE D'AZUR,,0.2,0.1,4.433,3.766,0.0,8.499,-10.233,-16.533
Nationale 7-9 ans GR,1,GREBLIAUSKAS,Elisabeth,ASPTT NICE GR,,3.2,,3.8,6.2,0.0,13.2,-11.832,-11.832
Nationale 7-9 ans GR,2,RADAELLI,Nicole,GR COTE D'AZUR,,1.7,,5.333,4.2,0.0,11.233,-13.799,-13.799
Nationale 7-9 ans GR,3,TRIFONOV,Maria,ASPTT NICE GR,,1.9,,4.933,5.533,0.0,12.366,-11.266,-12.666
Nationale 7-9 ans GR,4,GRUFFAZ,Dasha,GR COTE D'AZUR,,1.3,,4.233,4.466,0.0,9.999,-13.566,-15.033
Nationale 7-9 ans GR,5,FERRIE,Oriana,UNION GYMNIQUE DU CANTON DES SOLLIES,,1.6,,4.333,5.633,0.0,11.566,-8.632,-13.466
Nationale 7-9 ans GR,6,HMAD,Ilyana,GR COTE D'AZUR,,2.0,,4.366,4.7,0.0,11.066,-8.866,-13.966
Nationale 7-9 ans GR,7,MANGIONE,Eva,GR COTE D'AZUR,,1.4,,4.0,4.8,0.0,10.2,-8.532,-14.832
Category,Rang,Nom,Prenom,Club,SCMS,DB,DA,A,EXE,Pen,Total,Diff total,Diff total cumul
Nationale B 12-13 ans GR,1,BERTRAND-VALLAURI,Mahé,GYM RYTHMIQUE CLUB SALON GRANS,,2.3,,9.1,7.066,0.0,18.466,-19.6,-19.6
Nationale B 12-13 ans GR,2,VINCENT,Louna,ASSOCIATION INTERCOMMUNALE SPORTIVE ET ARTISTIQUE GR Côte d'Azur,,4.0,,6.833,6.966,0.0,17.799,-20.267,-20.267
Nationale B 12-13 ans GR,3,MARLOT,Lina,ISTRES GYMNASTIQUE RYTHMIQUE,,2.9,,8.066,7.233,0.0,18.199,-19.766,-19.867
Nationale B 12-13 ans GR,4,HULLIN,Emma,STADE LAURENTIN GRS,,3.7,,6.2,6.933,0.0,16.833,-21.099,-21.233
Nationale B 12-13 ans GR,5,FOURCIN,Tess,SPORTS LOISIRS ET CULTURE DE MARTIGUES GYMNASTIQUE RYTHMIQUE,,3.5,,8.933,5.933,0.0,18.366,-19.266,-19.7
Nationale B 12-13 ans GR,6,HEMACHE,Sherine,GR COTE D'AZUR,,2.2,,7.333,6.6,0.0,16.133,-20.099,-21.933
Nationale B 12-13 ans GR,7,MANGIONE,Leena,GR COTE D'AZUR,,2.8,,6.4,6.433,0.0,15.633,-19.533,-22.433
Nationale B 12-13 ans GR,8,PELOURSON,Talya,SPORTS LOISIRS ET CULTURE DE MARTIGUES GYMNASTIQUE RYTHMIQUE,,3.6,,6.6,5.933,0.0,16.133,-19.0,-21.933
Nationale B 12-13 ans GR,9,EMIEUX,Louise,GYMNASTIQUE RYTHMIQUE AIX EN PROVENCE,,2.9,,7.166,7.266,0.0,17.332,-17.467,-20.734
Nationale B 12-13 ans GR,10,VERNAY,Elise,GYMNASTIQUE RYTHMIQUE AIX EN PROVENCE,,2.5,,6.533,7.533,0.0,16.566,-17.732,-21.5
Nationale B 12-13 ans GR,11,MANCER,Tiana,GYMNASTIQUE RYTHMIQUE AIX EN PROVENCE,,2.6,,7.3,7.5,0.0,17.4,-16.466,-20.666
Nationale B 12-13 ans GR,12,PRIGENT,Camille,UNION GYMNIQUE DU CANTON DES SOLLIES,,2.8,,7.333,7.333,0.0,17.466,-15.633,-20.6
Nationale B 12-13 ans GR,13,LE NAOUR,Eryn,SPORTS LOISIRS ET CULTURE DE MARTIGUES GYMNASTIQUE RYTHMIQUE,,3.5,,6.0,6.266,0.0,15.766,-16.799,-22.3
Nationale B 12-13 ans GR,14,LEON,Estelle,GYM RYTHMIQUE CLUB SALON GRANS,,2.2,,7.566,5.633,0.0,15.399,-16.533,-22.667
Nationale B 12-13 ans GR,15,YEFIMOVA,Kséniya,MONACO GYMNASTIQUE RYTHMIQUE,,2.1,,5.233,7.333,0.0,14.666,-15.999,-23.4
Nationale B 12-13 ans GR,16,LAHOUD,Ines,MONACO GYMNASTIQUE RYTHMIQUE,,2.4,,4.3,5.366,0.0,12.066,-15.566,-26.0
Nationale B 12-13 ans GR,1,BERTRAND-VALLAURI,Mahé,GYM RYTHMIQUE CLUB SALON GRANS,,2.3,2.7,7.9,6.7,0.0,19.6,-18.466,-18.466
Nationale B 12-13 ans GR,2,VINCENT,Louna,ASSOCIATION INTERCOMMUNALE SPORTIVE ET ARTISTIQUE GR Côte d'Azur,,3.8,2.1,6.7,7.566,0.0,20.166,-17.9,-17.9
Nationale B 12-13 ans GR,3,MARLOT,Lina,ISTRES GYMNASTIQUE RYTHMIQUE,,1.9,2.6,8.5,6.733,0.0,19.733,-18.232,-18.333
Nationale B 12-13 ans GR,4,HULLIN,Emma,STADE LAURENTIN GRS,,3.2,2.8,6.966,7.833,0.0,20.799,-17.133,-17.267
Nationale B 12-13 ans GR,5,FOURCIN,Tess,SPORTS LOISIRS ET CULTURE DE MARTIGUES GYMNASTIQUE RYTHMIQUE,,2.7,2.8,7.0,5.366,0.0,17.866,-19.766,-20.2
Nationale B 12-13 ans GR,6,HEMACHE,Sherine,GR COTE D'AZUR,,1.6,3.7,7.233,6.5,0.0,19.033,-17.199,-19.033
Nationale B 12-13 ans GR,7,MANGIONE,Leena,GR COTE D'AZUR,,3.0,3.0,6.7,6.8,0.0,19.5,-15.666,-18.566
Nationale B 12-13 ans GR,8,PELOURSON,Talya,SPORTS LOISIRS ET CULTURE DE MARTIGUES GYMNASTIQUE RYTHMIQUE,,2.2,3.5,7.2,5.766,0.0,18.666,-16.467,-19.4
Nationale B 12-13 ans GR,9,EMIEUX,Louise,GYMNASTIQUE RYTHMIQUE AIX EN PROVENCE,,1.8,1.5,6.733,6.933,0.0,16.966,-17.833,-21.1
Nationale B 12-13 ans GR,10,VERNAY,Elise,GYMNASTIQUE RYTHMIQUE AIX EN PROVENCE,,2.1,1.9,6.9,6.4,0.0,17.3,-16.998,-20.766
Nationale B 12-13 ans GR,11,MANCER,Tiana,GYMNASTIQUE RYTHMIQUE AIX EN PROVENCE,,1.3,1.8,6.466,6.133,0.0,15.699,-18.167,-22.367
Nationale B 12-13 ans GR,12,PRIGENT,Camille,UNION GYMNIQUE DU CANTON DES SOLLIES,,1.9,2.7,6.433,4.066,0.0,15.099,-18.0,-22.967
Nationale B 12-13 ans GR,13,LE NAOUR,Eryn,SPORTS LOISIRS ET CULTURE DE MARTIGUES GYMNASTIQUE RYTHMIQUE,,2.4,3.1,6.5,4.766,0.6,16.166,-16.399,-21.9
Nationale B 12-13 ans GR,14,LEON,Estelle,GYM RYTHMIQUE CLUB SALON GRANS,,1.8,1.4,6.633,5.433,0.0,15.266,-16.666,-22.8
Nationale B 12-13 ans GR,15,YEFIMOVA,Kséniya,MONACO GYMNASTIQUE RYTHMIQUE,,0.8,2.1,6.5,3.566,0.0,12.966,-17.699,-25.1
Nationale B 12-13 ans GR,16,LAHOUD,Ines,MONACO GYMNASTIQUE RYTHMIQUE,,1.6,1.6,4.9,3.333,0.3,11.133,-16.499,-26.933
Category,Rang,Nom,Prenom,Club,SCMS,DB,DA,A,EXE,Pen,Total,Diff total,Diff total cumul
Nationale B 14-15 ans GR,1,POKRYVKA,Mariia,STADE LAURENTIN GRS,,3.9,3.0,6.366,6.8,0.0,20.066,-19.833,-19.833
Nationale B 14-15 ans GR,2,MARRADI,Charline,MONACO GYMNASTIQUE RYTHMIQUE,,2.9,2.7,7.633,7.0,0.0,20.233,-19.666,-19.666
Nationale B 14-15 ans GR,3,GILLET,Lénaïs,ISTRES GYMNASTIQUE RYTHMIQUE,,3.0,2.7,8.1,7.533,0.0,21.333,-17.233,-18.566
Nationale B 14-15 ans GR,4,CROVETTI,Camille,GYM 2000 LA FARLEDE,,3.4,2.1,6.366,5.433,0.3,16.999,-20.2,-22.9
Nationale B 14-15 ans GR,5,DUCEL,Lucie,GYMNASTIQUE RYTHMIQUE AIX EN PROVENCE,,2.2,2.0,7.266,6.9,0.0,18.366,-17.799,-21.533
Nationale B 14-15 ans GR,6,MANTICELLO,Luna,SOCIETE CULTURELLE ET OMNISPORTS DE SAINTE-MARGUERITE,,2.3,3.1,7.333,7.433,0.0,20.166,-15.266,-19.733
Nationale B 14-15 ans GR,7,BRAYDA,Ambre,UNION GYMNIQUE DU CANTON DES SOLLIES,,3.1,3.1,7.233,6.4,0.0,19.833,-15.132,-20.066
Nationale B 14-15 ans GR,8,WATTS,Sarah,ASSOCIATION INTERCOMMUNALE SPORTIVE ET ARTISTIQUE GR Côte d'Azur,,2.3,1.9,7.0,5.366,0.0,16.566,-18.183,-23.333
Nationale B 14-15 ans GR,9,DELOUSTAL,Mélina,UNION GYMNIQUE DU CANTON DES SOLLIES,,2.0,2.2,5.733,4.833,0.6,14.166,-20.532,-25.733
Nationale B 14-15 ans GR,10,AL KASSEM,Lyne,GR COTE D'AZUR,,1.0,2.3,5.4,6.366,0.1,14.966,-19.232,-24.933
Nationale B 14-15 ans GR,11,BRIGNOLLES,Louise,GYMNASTIQUE RYTHMIQUE AIX EN PROVENCE,,2.6,1.9,6.066,6.233,0.0,16.799,-16.666,-23.1
Nationale B 14-15 ans GR,12,HUA,Julia,SPORTS LOISIRS ET CULTURE DE MARTIGUES GYMNASTIQUE RYTHMIQUE,,1.2,1.6,6.533,5.0,0.0,14.333,-17.732,-25.566
Nationale B 14-15 ans GR,13,EPAILLY,Camille,ASSOCIATION INTERCOMMUNALE SPORTIVE ET ARTISTIQUE GR Côte d'Azur,,3.3,2.1,5.866,5.6,0.0,16.866,-14.466,-23.033
Nationale B 14-15 ans GR,14,VILLE,Elise,CLUB GYMNIQUE DE BONNEVEINE MARSEILLE,,2.6,1.8,6.366,7.133,0.0,17.899,-12.666,-22.0
Nationale B 14-15 ans GR,15,MOROZ,ECATERINA,ASPTT NICE GR,,2.6,2.5,5.0,4.666,0.6,14.166,-14.732,-25.733
Nationale B 14-15 ans GR,16,NUZZO,Lena,SPORTS LOISIRS ET CULTURE DE MARTIGUES GYMNASTIQUE RYTHMIQUE,,2.7,1.3,5.666,4.966,0.0,14.632,-13.367,-25.267
Nationale B 14-15 ans GR,17,CIOBAN,Stanislava,ASPTT NICE GR,,2.2,1.8,5.733,5.333,0.0,15.066,-10.498,-24.833
Nationale B 14-15 ans GR,1,POKRYVKA,Mariia,STADE LAURENTIN GRS,,4.0,2.4,7.133,6.4,0.1,19.833,-20.066,-20.066
Nationale B 14-15 ans GR,2,MARRADI,Charline,MONACO GYMNASTIQUE RYTHMIQUE,,2.4,2.0,7.4,6.533,0.0,18.333,-21.566,-21.566
Nationale B 14-15 ans GR,3,GILLET,Lénaïs,ISTRES GYMNASTIQUE RYTHMIQUE,,2.4,1.6,6.733,5.133,0.0,15.866,-22.7,-24.033
Nationale B 14-15 ans GR,4,CROVETTI,Camille,GYM 2000 LA FARLEDE,,3.6,2.2,7.666,5.7,0.0,19.166,-18.033,-20.733
Nationale B 14-15 ans GR,5,DUCEL,Lucie,GYMNASTIQUE RYTHMIQUE AIX EN PROVENCE,,3.2,1.5,6.7,5.666,0.0,17.066,-19.099,-22.833
Nationale B 14-15 ans GR,6,MANTICELLO,Luna,SOCIETE CULTURELLE ET OMNISPORTS DE SAINTE-MARGUERITE,,2.7,1.8,5.266,5.033,0.0,14.799,-20.633,-25.1
Nationale B 14-15 ans GR,7,BRAYDA,Ambre,UNION GYMNIQUE DU CANTON DES SOLLIES,,2.2,2.7,5.9,4.866,0.75,14.916,-20.049,-24.983
Nationale B 14-15 ans GR,8,WATTS,Sarah,ASSOCIATION INTERCOMMUNALE SPORTIVE ET ARTISTIQUE GR Côte d'Azur,,2.0,2.6,7.166,6.366,0.0,18.132,-16.617,-21.767
Nationale B 14-15 ans GR,9,DELOUSTAL,Mélina,UNION GYMNIQUE DU CANTON DES SOLLIES,,3.8,2.4,7.266,6.566,0.0,20.032,-14.666,-19.867
Nationale B 14-15 ans GR,10,AL KASSEM,Lyne,GR COTE D'AZUR,,3.5,2.1,6.533,6.466,0.1,18.499,-15.699,-21.4
Nationale B 14-15 ans GR,11,BRIGNOLLES,Louise,GYMNASTIQUE RYTHMIQUE AIX EN PROVENCE,,4.1,1.1,5.633,5.033,0.6,15.266,-18.199,-24.633
Nationale B 14-15 ans GR,12,HUA,Julia,SPORTS LOISIRS ET CULTURE DE MARTIGUES GYMNASTIQUE RYTHMIQUE,,3.0,0.7,7.666,5.633,0.0,16.999,-15.066,-22.9
Nationale B 14-15 ans GR,13,EPAILLY,Camille,ASSOCIATION INTERCOMMUNALE SPORTIVE ET ARTISTIQUE GR Côte d'Azur,,2.8,0.9,5.966,4.633,0.6,13.699,-17.633,-26.2
Nationale B 14-15 ans GR,14,VILLE,Elise,CLUB GYMNIQUE DE BONNEVEINE MARSEILLE,,1.7,1.1,4.666,4.133,0.6,10.999,-19.566,-28.9
Nationale B 14-15 ans GR,15,MOROZ,ECATERINA,ASPTT NICE GR,,2.3,2.5,4.5,4.533,0.0,13.833,-15.065,-26.066
Nationale B 14-15 ans GR,16,NUZZO,Lena,SPORTS LOISIRS ET CULTURE DE MARTIGUES GYMNASTIQUE RYTHMIQUE,,2.0,0.1,5.466,3.366,0.0,10.932,-17.067,-28.967
Nationale B 14-15 ans GR,17,CIOBAN,Stanislava,ASPTT NICE GR,,1.4,1.6,4.466,3.366,0.6,10.232,-15.332,-29.667
Category,Rang,Nom,Prenom,Club,SCMS,DB,DA,A,EXE,Pen,Total,Diff total,Diff total cumul
Nationale C 10-11 ans GR,1,MURIVA,Tatiana,GYMNASTIQUE RYTHMIQUE AIX EN PROVENCE,,1.6,1.8,6.466,8.066,0.0,17.932,0.0,0.0
Nationale C 10-11 ans GR,2,EMIEUX,Margaux,GYMNASTIQUE RYTHMIQUE AIX EN PROVENCE,,1.5,1.8,6.933,7.533,0.0,17.766,-0.166,-0.166
Nationale C 10-11 ans GR,2,PONS ,Thaëlys,ISTRES GYMNASTIQUE RYTHMIQUE,,0.9,1.8,7.566,7.5,0.0,17.766,0.0,-0.166
Nationale C 10-11 ans GR,4,DIAZ,Emma,STADE LAURENTIN GRS,,1.7,1.9,5.7,7.266,0.0,16.566,-1.2,-1.366
Nationale C 10-11 ans GR,5,AMEDDAH,Nour,STADE LAURENTIN GRS,,1.4,1.9,5.8,7.1,0.0,16.2,-0.366,-1.732
Nationale C 10-11 ans GR,6,DE LA MOTTE ROUGE,ROXANE,GYMNASTIQUE RYTHMIQUE AIX EN PROVENCE,,0.9,2.1,5.7,7.333,0.0,16.033,-0.167,-1.899
Nationale C 10-11 ans GR,7,SLEPTSOVA,Victoria,ASPTT NICE GR,,0.0,1.4,6.066,6.5,0.0,13.966,-2.067,-3.966
Nationale C 10-11 ans GR,8,BERTHAUT,Luna,UNION GYMNIQUE DU CANTON DES SOLLIES,,0.9,2.4,5.066,5.8,0.3,13.866,-0.1,-4.066
Nationale C 10-11 ans GR,9,GARCIA,Lola,UNION GYMNIQUE DU CANTON DES SOLLIES,,0.5,1.9,4.533,6.3,0.0,13.233,-0.633,-4.699
Nationale C 10-11 ans GR,10,MAXIMOVA,Alexandra,GR COTE D'AZUR,,0.6,1.2,4.066,4.8,0.0,10.666,-2.567,-7.266
Nationale C 10-11 ans GR,11,FOUTIEAU,Lilou,UNION GYMNIQUE DU CANTON DES SOLLIES,,0.6,1.2,3.733,5.1,0.0,10.633,-0.033,-7.299
Category,Rang,Nom,Prenom,Club,SCMS,DB,DA,A,EXE,Pen,Total,Diff total,Diff total cumul
Nationale C 12-13 ans GR,1,HAMILA,Syrine,SAINT PAUL LA COLLE OMNISPORTS CLUB GYMNASTIQUE RYTHMIQUE,,2.0,2.6,8.166,7.9,0.0,20.666,0.0,0.0
Nationale C 12-13 ans GR,2,GASPERINI,Stella,ASSOCIATION INTERCOMMUNALE SPORTIVE ET ARTISTIQUE GR Côte d'Azur,,3.1,1.7,7.166,7.833,0.0,19.799,-0.867,-0.867
Nationale C 12-13 ans GR,3,AMET,Livana,GYMNASTIQUE RYTHMIQUE AIX EN PROVENCE,,2.1,3.6,6.5,7.366,0.0,19.566,-0.233,-1.1
Nationale C 12-13 ans GR,4,COURTY CADAU,Oyanna,SPORTS LOISIRS ET CULTURE DE MARTIGUES GYMNASTIQUE RYTHMIQUE,,3.0,2.6,6.233,7.633,0.0,19.466,-0.1,-1.2
Nationale C 12-13 ans GR,5,GASPARYAN,Sofi,SOCIETE CULTURELLE ET OMNISPORTS DE SAINTE-MARGUERITE,,2.7,3.2,6.133,7.266,0.0,19.299,-0.167,-1.367
Nationale C 12-13 ans GR,6,FIORINI,Lisa,GYM RYTHMIQUE CLUB SALON GRANS,,2.1,2.4,6.8,7.3,0.0,18.6,-0.699,-2.066
Nationale C 12-13 ans GR,7,LECOSSE,Manon,GYMNASTIQUE RYTHMIQUE AIX EN PROVENCE,,1.7,2.1,6.366,7.233,0.0,17.399,-1.201,-3.267
Nationale C 12-13 ans GR,8,LAUNAIRE,Cléo,UNION GYMNIQUE DU CANTON DES SOLLIES,,1.4,2.5,5.8,7.6,0.0,17.3,-0.099,-3.366
Nationale C 12-13 ans GR,9,ALLOIX,Emilie,ASSOCIATION INTERCOMMUNALE SPORTIVE ET ARTISTIQUE GR Côte d'Azur,,2.7,1.5,6.0,6.9,0.0,17.1,-0.2,-3.566
Nationale C 12-13 ans GR,10,BERKANE,Kenza,SPORTS LOISIRS ET CULTURE DE MARTIGUES GYMNASTIQUE RYTHMIQUE,,1.4,2.3,7.133,6.466,0.6,16.699,-0.401,-3.967
Nationale C 12-13 ans GR,11,SARRE,Capucine,CLUB GYMNIQUE DE BONNEVEINE MARSEILLE,,1.6,2.3,6.5,6.1,0.0,16.5,-0.199,-4.166
Nationale C 12-13 ans GR,12,NAUTONNIER,Olivia,GYMNASTIQUE RYTHMIQUE AIX EN PROVENCE,,1.8,2.5,5.033,6.633,0.0,15.966,-0.534,-4.7
Nationale C 12-13 ans GR,13,BOLLE,Calliste,UNION GYMNIQUE DU CANTON DES SOLLIES,,1.5,2.2,5.5,6.733,0.0,15.933,-0.033,-4.733
Nationale C 12-13 ans GR,14,GARNIER CUNAT,Nayana,UNION GYMNIQUE DU CANTON DES SOLLIES,,1.5,1.0,6.266,7.1,0.0,15.866,-0.067,-4.8
Nationale C 12-13 ans GR,15,BRANDNER,Aimee,STADE LAURENTIN GRS,,1.2,1.2,5.133,5.266,0.0,12.799,-3.067,-7.867
Category,Rang,Nom,Prenom,Club,SCMS,DB,DA,A,EXE,Pen,Total,Diff total,Diff total cumul
Nationale C 14-15 ans GR,1,ELONDO EPOK,Arielle,ISTRES GYMNASTIQUE RYTHMIQUE,,2.3,3.2,8.133,7.466,0.0,21.099,0.0,0.0
Nationale C 14-15 ans GR,2,DE REYNAL DE SAINT MICHEL,Victoria,GYMNASTIQUE RYTHMIQUE AIX EN PROVENCE,,2.9,2.3,7.333,7.2,0.0,19.733,-1.366,-1.366
Nationale C 14-15 ans GR,3,LECRU,Camille,GYMNASTIQUE RYTHMIQUE AIX EN PROVENCE,,2.8,2.5,6.6,7.133,0.0,19.033,-0.7,-2.066
Nationale C 14-15 ans GR,4,IVANOV,Sophiya,SOCIETE CULTURELLE ET OMNISPORTS DE SAINTE-MARGUERITE,,2.2,2.7,6.666,7.033,0.0,18.599,-0.434,-2.5
Nationale C 14-15 ans GR,5,ZOUGGART,Janelle,GYM RYTHMIQUE CLUB SALON GRANS,,2.2,2.7,6.633,6.566,0.1,17.999,-0.6,-3.1
Nationale C 14-15 ans GR,6,THUREAU,Chloé,SOCIETE CULTURELLE ET OMNISPORTS DE SAINTE-MARGUERITE,,1.3,2.8,6.466,7.133,0.0,17.699,-0.3,-3.4
Nationale C 14-15 ans GR,7,ROSSI—PETITCLERC,Ambre,GYM RYTHMIQUE CLUB SALON GRANS,,1.2,2.4,6.766,7.266,0.0,17.632,-0.067,-3.467
Nationale C 14-15 ans GR,8,RIPOCHE,Anaïs,SOCIETE CULTURELLE ET OMNISPORTS DE SAINTE-MARGUERITE,,1.7,2.8,6.166,6.4,0.0,17.066,-0.566,-4.033
Nationale C 14-15 ans GR,9,MARTIN,Lola,SPORTS LOISIRS ET CULTURE DE MARTIGUES GYMNASTIQUE RYTHMIQUE,,1.4,2.1,6.933,6.5,0.0,16.933,-0.133,-4.166
Nationale C 14-15 ans GR,10,GIGLI,Elea,AS COGOLIN GR,,1.4,2.4,6.733,6.366,0.0,16.899,-0.034,-4.2
Nationale C 14-15 ans GR,11,BORGET,Julia,CLUB GYMNIQUE DE BONNEVEINE MARSEILLE,,1.9,1.8,6.233,6.6,0.0,16.533,-0.366,-4.566
Nationale C 14-15 ans GR,12,HURTADO,Anna,GYM RYTHMIQUE CLUB SALON GRANS,,1.0,2.5,6.133,6.733,0.0,16.366,-0.167,-4.733
Nationale C 14-15 ans GR,13,CIBARD,Clothilde,STADE LAURENTIN GRS,,1.7,2.5,5.566,6.166,0.0,15.932,-0.434,-5.167
Nationale C 14-15 ans GR,14,MEAUME,Heloïse,GYMNASTIQUE RYTHMIQUE AIX EN PROVENCE,,1.9,2.2,5.333,6.233,0.0,15.666,-0.266,-5.433
Nationale C 14-15 ans GR,15,HAMMY,Eva,SPORTING CLUB MOUANS SARTOUX GYMNASTIQUE RYTHMIQUE,x,2.0,1.7,6.233,5.9,0.6,15.233,-0.433,-5.866
Nationale C 14-15 ans GR,16,CHANIOLLEAU,Eléa,UNION GYMNIQUE DU CANTON DES SOLLIES,,2.0,1.9,4.633,6.333,0.0,14.866,-0.367,-6.233
Nationale C 14-15 ans GR,17,ZHEHALAVA,Safina,GYM 2000 LA FARLEDE,,2.6,1.4,5.1,5.7,0.0,14.8,-0.066,-6.299
Nationale C 14-15 ans GR,18,KIRSCH,Lily rose,GYM 2000 LA FARLEDE,,0.9,1.4,5.766,6.433,0.0,14.499,-0.301,-6.6
Nationale C 14-15 ans GR,19,NIZHARADZE,Sofiya,ASSOCIATION INTERCOMMUNALE SPORTIVE ET ARTISTIQUE GR Côte d'Azur,,1.7,1.8,4.366,6.0,0.0,13.866,-0.633,-7.233
Nationale C 14-15 ans GR,20,PEREIRA DE SOUSA,Candice,UNION GYMNIQUE DU CANTON DES SOLLIES,,0.6,1.7,5.333,5.633,0.0,13.266,-0.6,-7.833
Nationale C 14-15 ans GR,21,LASSALE,Maéva,UNION GYMNIQUE DU CANTON DES SOLLIES,,0.8,2.0,5.466,4.233,0.0,12.499,-0.767,-8.6
Category,Rang,Nom,Prenom,Club,SCMS,DB,DA,A,EXE,Pen,Total,Diff total,Diff total cumul
Nationale C 16-17 ans GR,1,ILGART,Iseult,SOCIETE CULTURELLE ET OMNISPORTS DE SAINTE-MARGUERITE,,2.6,2.5,8.2,8.066,0.0,21.366,0.0,0.0
Nationale C 16-17 ans GR,2,FEKAIRI,Feryel,ISTRES GYMNASTIQUE RYTHMIQUE,,2.7,2.5,7.466,7.6,0.0,20.266,-1.1,-1.1
Nationale C 16-17 ans GR,3,LANAPATS,Lyséa,GYM 2000 LA FARLEDE,,2.4,2.1,7.7,7.433,0.0,19.633,-0.633,-1.733
Nationale C 16-17 ans GR,4,LAVIGNE,Elynn,SPORTING CLUB MOUANS SARTOUX GYMNASTIQUE RYTHMIQUE,x,1.7,2.4,7.7,7.633,0.0,19.433,-0.2,-1.933
Nationale C 16-17 ans GR,5,ROUBY,Juliette,GYMNASTIQUE RYTHMIQUE AIX EN PROVENCE,,2.1,1.9,7.533,7.1,0.0,18.633,-0.8,-2.733
Nationale C 16-17 ans GR,6,DEFERRARI,Naïs,CLUB OMNISPORTS BANDOL SECTION GR,,1.8,2.2,7.433,6.566,0.0,17.999,-0.634,-3.367
Nationale C 16-17 ans GR,7,SEMHAIKINA,Anna,SPORTING CLUB MOUANS SARTOUX GYMNASTIQUE RYTHMIQUE,x,2.0,1.6,6.866,6.9,0.0,17.366,-0.633,-4.0
Nationale C 16-17 ans GR,8,TOUSSAN,Elsa,CLUB GYMNIQUE DE BONNEVEINE MARSEILLE,,1.5,1.9,7.1,6.8,0.0,17.3,-0.066,-4.066
Nationale C 16-17 ans GR,9,LEDUC,Oceane,SAINT PAUL LA COLLE OMNISPORTS CLUB GYMNASTIQUE RYTHMIQUE,,1.4,1.7,6.666,7.0,0.0,16.766,-0.534,-4.6
Nationale C 16-17 ans GR,10,CRIADO,Nina,CLUB GYMNIQUE DE BONNEVEINE MARSEILLE,,1.7,2.0,6.766,6.233,0.0,16.699,-0.067,-4.667
Nationale C 16-17 ans GR,11,VIGNALS,Manon,A.J.S. LA GARDE GRS,,0.8,1.6,6.833,7.633,0.3,16.566,-0.133,-4.8
Nationale C 16-17 ans GR,12,GUTIERES,Kelly,GYM RYTHMIC VITROLLES,,1.8,0.9,6.0,5.066,0.0,13.766,-2.8,-7.6
Nationale C 16-17 ans GR,13,BLAYA,Estelle,CLUB OMNISPORTS BANDOL SECTION GR,,0.5,1.2,6.666,5.0,0.0,13.366,-0.4,-8.0
Category,Rang,Nom,Prenom,Club,SCMS,DB,DA,A,EXE,Pen,Total,Diff total,Diff total cumul
Nationale C 18 ans et plus GR,1,MIME,Ylona,ISTRES GYMNASTIQUE RYTHMIQUE,,1.6,3.4,9.266,8.266,0.0,22.532,0.0,0.0
Nationale C 18 ans et plus GR,2,GIBARD,Eva,STADE LAURENTIN GRS,,2.4,3.5,8.6,7.7,0.0,22.2,-0.332,-0.332
Nationale C 18 ans et plus GR,3,PANNEQUIN,Lucile,GYMNASTIQUE RYTHMIQUE AIX EN PROVENCE,,2.3,1.2,8.333,8.433,0.0,20.266,-1.934,-2.266
Nationale C 18 ans et plus GR,4,PARDIGON,Lola,SAINT PAUL LA COLLE OMNISPORTS CLUB GYMNASTIQUE RYTHMIQUE,,1.6,2.1,8.033,8.166,0.0,19.899,-0.367,-2.633
Nationale C 18 ans et plus GR,5,TAULANE,Thelma,STADE LAURENTIN GRS,,1.7,3.9,7.6,6.633,0.0,19.833,-0.066,-2.699
Nationale C 18 ans et plus GR,6,REFRAIS,Gaelle,SPORTING CLUB MOUANS SARTOUX GYMNASTIQUE RYTHMIQUE,x,2.2,3.1,6.833,7.2,0.0,19.333,-0.5,-3.199
Nationale C 18 ans et plus GR,7,GOUMET,Kim,LA DRACENOISE GR,,2.0,2.0,7.3,7.8,0.0,19.1,-0.233,-3.432
Nationale C 18 ans et plus GR,8,BONNION,Margaux,CLUB OMNISPORTS BANDOL SECTION GR,,1.6,2.9,7.166,7.1,0.0,18.766,-0.334,-3.766
Nationale C 18 ans et plus GR,9,GARCIA,Liza,SAINT PAUL LA COLLE OMNISPORTS CLUB GYMNASTIQUE RYTHMIQUE,,1.8,2.3,7.0,7.566,0.0,18.666,-0.1,-3.866
Nationale C 18 ans et plus GR,10,WEISS,Julia,AS COGOLIN GR,,1.9,1.3,7.166,8.0,0.0,18.366,-0.3,-4.166
Nationale C 18 ans et plus GR,11,COQUET,Elsa,CLUB OMNISPORTS BANDOL SECTION GR,,1.5,2.4,6.533,7.733,0.0,18.166,-0.2,-4.366
Nationale C 18 ans et plus GR,12,CLERICALI,Ilona,SPORTING CLUB MOUANS SARTOUX GYMNASTIQUE RYTHMIQUE,x,1.6,2.7,5.9,7.833,0.0,18.033,-0.133,-4.499
Nationale C 18 ans et plus GR,13,ROUX-FOUGERE,Melissa,UNION GYMNIQUE DU CANTON DES SOLLIES,,1.3,2.0,7.4,6.7,0.0,17.4,-0.633,-5.132
Nationale C 18 ans et plus GR,14,VITRANT,Louna,CLUB DE GRS ET FUNK JAZZ DE GRIMAUD,,1.6,2.3,6.333,6.9,0.0,17.133,-0.267,-5.399
Nationale C 18 ans et plus GR,15,CANET,Annaelle,SOCIETE CULTURELLE ET OMNISPORTS DE SAINTE-MARGUERITE,,1.5,1.2,6.4,6.966,0.0,16.066,-1.067,-6.466
Nationale C 18 ans et plus GR,16,BOURGEOIS,Camille,SPORTING CLUB MOUANS SARTOUX GYMNASTIQUE RYTHMIQUE,x,1.9,1.7,6.4,5.7,0.0,15.7,-0.366,-6.832
Nationale C 18 ans et plus GR,17,LEFEBVRE,Hélèna,A.J.S. LA GARDE GRS,,1.3,0.6,6.133,5.766,0.3,13.499,-2.201,-9.033
Category,Rang,Nom,Prenom,Club,SCMS,DB,DA,A,EXE,Pen,Total,Diff total,Diff total cumul
REGIONALE 7 ANS GR,1,MARCHAL,Margaux,STADE LAURENTIN GRS,,2.3,,6.066,5.633,0.0,13.999,0.0,0.0
REGIONALE 7 ANS GR,2,MALKIN,Misha,GR COTE D'AZUR,,1.9,,5.1,4.7,0.0,11.7,-2.299,-2.299
REGIONALE 7 ANS GR,3,NIKITINA,Vera,GR COTE D'AZUR,,1.6,,4.233,4.666,0.0,10.499,-1.201,-3.5
REGIONALE 7 ANS GR,4,STRASHNOVA,Kira,GR COTE D'AZUR,,1.3,,3.933,3.9,0.0,9.133,-1.366,-4.866
REGIONALE 7 ANS GR,5,LEFEBVRE,Maelys,SAINT PAUL LA COLLE OMNISPORTS CLUB GYMNASTIQUE RYTHMIQUE,,0.8,,2.466,3.6,0.0,6.866,-2.267,-7.133
Category,Rang,Nom,Prenom,Club,SCMS,DB,DA,A,EXE,Pen,Total,Diff total,Diff total cumul
REGIONALE 8 ANS GR,1,TOMAS,Emma,UNION GYMNIQUE DU CANTON DES SOLLIES,,1.6,,5.4,5.266,0.0,12.266,0.0,0.0
REGIONALE 8 ANS GR,2,POURCEL,Karen,STADE LAURENTIN GRS,,1.3,,5.0,5.633,0.0,11.933,-0.333,-0.333
REGIONALE 8 ANS GR,3,ZHARKO,Uliana,ASPTT NICE GR,,1.8,,5.066,4.866,0.0,11.732,-0.201,-0.534
REGIONALE 8 ANS GR,4,ROGACHEVA,Angelina,SAINT PAUL LA COLLE OMNISPORTS CLUB GYMNASTIQUE RYTHMIQUE,,1.5,,4.966,5.066,0.0,11.532,-0.2,-0.734
REGIONALE 8 ANS GR,5,MACCIOTTA,Calliope,STADE LAURENTIN GRS,,1.9,,4.433,3.8,0.0,10.133,-1.399,-2.133
REGIONALE 8 ANS GR,6,LOMBARDI,Nina,SAINT PAUL LA COLLE OMNISPORTS CLUB GYMNASTIQUE RYTHMIQUE,,1.3,,2.666,5.033,0.0,8.999,-1.134,-3.267
Category,Rang,Nom,Prenom,Club,SCMS,DB,DA,A,EXE,Pen,Total,Diff total,Diff total cumul
REGIONALE 9 ANS GR,1,MALKO,Karolina,MONACO GYMNASTIQUE RYTHMIQUE,,1.6,,5.833,5.8,0.0,13.233,0.0,0.0
REGIONALE 9 ANS GR,2,PATTARD,Emilie,STADE LAURENTIN GRS,,2.4,,5.3,5.3,0.0,13.0,-0.233,-0.233
REGIONALE 9 ANS GR,3,BAUDOIN,Lou-eva,AS COGOLIN GR,,1.6,,6.8,4.5,0.0,12.9,-0.1,-0.333
REGIONALE 9 ANS GR,4,OUERFELLI,Dania,SPORTS LOISIRS ET CULTURE DE MARTIGUES GYMNASTIQUE RYTHMIQUE,,1.7,,5.4,5.333,0.0,12.433,-0.467,-0.8
REGIONALE 9 ANS GR,5,CHEVALIER,Justine,UNION GYMNIQUE DU CANTON DES SOLLIES,,1.7,,4.633,5.666,0.0,11.999,-0.434,-1.234
REGIONALE 9 ANS GR,6,PLANÇON,Eve,UNION GYMNIQUE DU CANTON DES SOLLIES,,1.5,,4.2,4.6,0.0,10.3,-1.699,-2.933
Category,Rang,Nom,Prenom,Club,SCMS,DB,DA,A,EXE,Pen,Total,Diff total,Diff total cumul
Regionale 10-11 ans GR,1,DE SOUSA ,Mila,CLUB DE GRS ET FUNK JAZZ DE GRIMAUD,,0.3,0.4,8.633,7.766,0.0,17.099,0.0,0.0
Regionale 10-11 ans GR,2,REGNAULT,Eloïse,UNION GYMNIQUE DU CANTON DES SOLLIES,,0.5,1.5,7.566,7.466,0.0,17.032,-0.067,-0.067
Regionale 10-11 ans GR,3,EECKHOUTTE,Maëly,ASSOCIATION SPORTIVE ST RAPHAELOISE GRS,,0.0,1.2,8.5,7.033,0.0,16.733,-0.299,-0.366
Regionale 10-11 ans GR,4,NOURRY,Louise,ASSOCIATION INTERCOMMUNALE SPORTIVE ET ARTISTIQUE GR Côte d'Azur,,0.2,1.5,7.366,7.4,0.0,16.466,-0.267,-0.633
Regionale 10-11 ans GR,5,APEDO AMAH,Robyn lou,ASPTT NICE GR,,0.4,1.0,7.766,7.266,0.0,16.432,-0.034,-0.667
Regionale 10-11 ans GR,6,MOURET,Lilou,CLUB DE GRS ET FUNK JAZZ DE GRIMAUD,,0.3,0.9,7.433,7.033,0.0,15.666,-0.766,-1.433
Regionale 10-11 ans GR,7,BORDIEU,Audrey,ASSOCIATION INTERCOMMUNALE SPORTIVE ET ARTISTIQUE GR Côte d'Azur,,0.2,1.4,7.3,6.566,0.0,15.466,-0.2,-1.633
Regionale 10-11 ans GR,8,CLEMENCEAU POINCELIN,Emmi,CLUB OMNISPORTS BANDOL SECTION GR,,0.5,0.8,7.0,7.1,0.0,15.4,-0.066,-1.699
Regionale 10-11 ans GR,9,BOULINGUEZ-VERSE,Ambre,SAINT PAUL LA COLLE OMNISPORTS CLUB GYMNASTIQUE RYTHMIQUE,,0.4,0.8,7.166,6.7,0.6,14.466,-0.934,-2.633
Regionale 10-11 ans GR,10,ROSELLO,Emma,ASSOCIATION SPORTIVE ST RAPHAELOISE GRS,,0.3,0.5,6.766,6.666,0.0,14.232,-0.234,-2.867
Regionale 10-11 ans GR,11,LA ROCCA,Nina,ASSOCIATION SPORTIVE ST RAPHAELOISE GRS,,0.2,0.3,6.8,6.733,0.0,14.033,-0.199,-3.066
Regionale 10-11 ans GR,12,MUNOZ,Paloma ,ASSOCIATION SPORTIVE ST RAPHAELOISE GRS,,0.2,0.0,6.866,6.7,0.0,13.766,-0.267,-3.333
Regionale 10-11 ans GR,12,DEHAYS,Elisa,SAINT PAUL LA COLLE OMNISPORTS CLUB GYMNASTIQUE RYTHMIQUE,,0.4,0.8,5.4,7.166,0.0,13.766,0.0,-3.333
Regionale 10-11 ans GR,14,BACKER,Zoé,ASSOCIATION SPORTIVE ST RAPHAELOISE GRS,,0.4,0.0,6.966,5.866,0.0,13.232,-0.534,-3.867
Regionale 10-11 ans GR,15,REBUTTINI PRIGENT,Gianna,GYMNASTIQUE RYTHMIQUE FREJUS,,0.0,0.0,6.966,6.2,0.0,13.166,-0.066,-3.933
Regionale 10-11 ans GR,16,POLLONO,Domitille,ENTENTE GYMNIQUE GRAND AVIGNON,,0.3,0.5,5.4,6.733,0.0,12.933,-0.233,-4.166
Regionale 10-11 ans GR,17,MONTAGARD GERIM,Camille,GYMNASTIQUE RYTHMIQUE FREJUS,,0.3,0.0,6.966,5.266,0.3,12.232,-0.701,-4.867
Regionale 10-11 ans GR,18,ICART,Éma,GYMNASTIQUE RYTHMIQUE FREJUS,,0.1,0.0,7.133,4.866,0.0,12.099,-0.133,-5.0
Regionale 10-11 ans GR,19,HELLE,Camille,ENTENTE GYMNIQUE GRAND AVIGNON,,0.0,0.2,5.1,6.666,0.0,11.966,-0.133,-5.133
Regionale 10-11 ans GR,20,BENSAAD,Dina,ENTENTE GYMNIQUE GRAND AVIGNON,,0.0,0.0,4.433,5.6,0.0,10.033,-1.933,-7.066
Category,Rang,Nom,Prenom,Club,SCMS,DB,DA,A,EXE,Pen,Total,Diff total,Diff total cumul
Regionale 12-13 ans GR,1,SALVA,Lyna,ISTRES GYMNASTIQUE RYTHMIQUE,,0.8,1.2,7.966,8.633,0.0,18.599,0.0,0.0
Regionale 12-13 ans GR,2,MACHADO,Lilly,MONACO GYMNASTIQUE RYTHMIQUE,,0.6,1.7,6.5,8.466,0.0,17.266,-1.333,-1.333
Regionale 12-13 ans GR,3,GIACCIO,EMIE,UNION GYMNIQUE DU CANTON DES SOLLIES,,0.4,1.1,7.233,7.933,0.0,16.666,-0.6,-1.933
Regionale 12-13 ans GR,4,LAURENT,Lilou,UNION GYMNIQUE DU CANTON DES SOLLIES,,0.4,1.3,6.533,8.3,0.0,16.533,-0.133,-2.066
Regionale 12-13 ans GR,5,BROCARD,Jade,ISTRES GYMNASTIQUE RYTHMIQUE,,0.4,1.0,6.3,8.766,0.0,16.466,-0.067,-2.133
Regionale 12-13 ans GR,6,LEVY-SOUSSAN,Mila,MONACO GYMNASTIQUE RYTHMIQUE,,0.5,1.2,5.733,7.633,0.0,15.066,-1.4,-3.533
Regionale 12-13 ans GR,7,GREBLIAUSKAS,Marina,ASPTT NICE GR,,0.6,1.2,6.166,6.4,0.0,14.366,-0.7,-4.233
Regionale 12-13 ans GR,8,MATHIEU,Louane,ASSOCIATION SPORTIVE ST RAPHAELOISE GRS,,0.0,1.0,5.7,7.0,0.0,13.7,-0.666,-4.899
Regionale 12-13 ans GR,9,NORROY,Enora,GYMNASTIQUE RYTHMIQUE FREJUS,,0.0,0.7,5.7,7.166,0.0,13.566,-0.134,-5.033
Regionale 12-13 ans GR,10,GIROLETTI LASSER,Anne marie,SAINT PAUL LA COLLE OMNISPORTS CLUB GYMNASTIQUE RYTHMIQUE,,0.3,0.8,4.766,7.366,0.0,13.232,-0.334,-5.367
Regionale 12-13 ans GR,11,BOUANICH,Shaïny,GYMNASTIQUE RYTHMIQUE FREJUS,,0.4,0.6,5.6,6.533,0.0,13.133,-0.099,-5.466
Regionale 12-13 ans GR,12,LEFORT,Margaux,GYMNASTIQUE RYTHMIQUE FREJUS,,0.1,0.3,4.866,7.6,0.0,12.866,-0.267,-5.733
Regionale 12-13 ans GR,13,ASENOVA OLIVIA,Kelly,MONACO GYMNASTIQUE RYTHMIQUE,,0.0,0.9,4.733,6.466,0.0,12.099,-0.767,-6.5
Regionale 12-13 ans GR,14,SHUBITIDZE,Nina,MONACO GYMNASTIQUE RYTHMIQUE,,0.3,0.7,3.633,6.8,0.0,11.433,-0.666,-7.166
Regionale 12-13 ans GR,15,THAO,Tam-linh,ENTENTE GYMNIQUE GRAND AVIGNON,,0.2,0.8,4.5,5.8,0.0,11.3,-0.133,-7.299
Regionale 12-13 ans GR,16,JOLIBOIS,Anna,GYMNASTIQUE RYTHMIQUE FREJUS,,0.1,0.4,4.466,6.3,0.0,11.266,-0.034,-7.333
Regionale 12-13 ans GR,17,LIPKO,MILA EWA,ASPTT NICE GR,,0.1,1.5,4.033,5.433,0.0,11.066,-0.2,-7.533
Regionale 12-13 ans GR,18,GUYOMARCH,Justine,GYMNASTIQUE RYTHMIQUE FREJUS,,0.3,0.0,4.2,6.5,0.0,11.0,-0.066,-7.599
Regionale 12-13 ans GR,19,MARTHOUD,Laura,SAINT PAUL LA COLLE OMNISPORTS CLUB GYMNASTIQUE RYTHMIQUE,,0.1,0.6,4.566,5.666,0.0,10.932,-0.068,-7.667
Regionale 12-13 ans GR,20,POMMIES,Celia,GYMNASTIQUE RYTHMIQUE FREJUS,,0.0,0.4,4.366,5.8,0.0,10.566,-0.366,-8.033
Regionale 12-13 ans GR,21,REBOUL,Ilona,ENTENTE GYMNIQUE GRAND AVIGNON,,0.2,0.0,3.733,6.5,0.0,10.433,-0.133,-8.166
Regionale 12-13 ans GR,22,SEGUIN,Clara,GYMNASTIQUE RYTHMIQUE FREJUS,,0.3,0.0,4.466,5.033,0.0,9.799,-0.634,-8.8
Category,Rang,Nom,Prenom,Club,SCMS,DB,DA,A,EXE,Pen,Total,Diff total,Diff total cumul
Regionale 14-15 ans GR,1,TOMMASINI,Lou,CLUB DE GRS ET FUNK JAZZ DE GRIMAUD,,0.6,1.1,7.033,8.6,0.0,17.333,0.0,0.0
Regionale 14-15 ans GR,2,VALENTE,Jade,CLUB DE GRS ET FUNK JAZZ DE GRIMAUD,,0.6,1.2,7.5,7.533,0.0,16.833,-0.5,-0.5
Regionale 14-15 ans GR,2,JORGE,Clara,CLUB DE GRS ET FUNK JAZZ DE GRIMAUD,,0.9,1.2,6.5,8.233,0.0,16.833,0.0,-0.5
Regionale 14-15 ans GR,4,GARCIN,Charlotte,LA DRACENOISE GR,,0.4,1.2,6.766,7.8,0.0,16.166,-0.667,-1.167
Regionale 14-15 ans GR,5,VITRANT,Emilie,CLUB DE GRS ET FUNK JAZZ DE GRIMAUD,,0.7,1.1,6.166,7.933,0.0,15.899,-0.267,-1.434
Regionale 14-15 ans GR,6,BAGNO,Lisa,CLUB OMNISPORTS BANDOL SECTION GR,,0.7,1.6,5.833,7.366,0.0,15.499,-0.4,-1.834
Regionale 14-15 ans GR,7,MARSILIJA,Lucie,GYMNASTIQUE RYTHMIQUE FREJUS,,0.5,1.4,5.2,7.833,0.0,14.933,-0.566,-2.4
Regionale 14-15 ans GR,8,DESCHASEAUX,Lysie,CLUB DE GRS ET FUNK JAZZ DE GRIMAUD,,0.9,0.0,5.8,7.133,0.0,13.833,-1.1,-3.5
Regionale 14-15 ans GR,9,CRUVEILLER,Anouk,ENTENTE GYMNIQUE GRAND AVIGNON,,0.4,0.8,4.8,7.6,0.0,13.6,-0.233,-3.733
Regionale 14-15 ans GR,10,KHERIBECHE,Kaina,CLUB DE GRS ET FUNK JAZZ DE GRIMAUD,,0.2,1.1,5.9,5.366,0.0,12.566,-1.034,-4.767
Regionale 14-15 ans GR,11,BAGNO,Manon,CLUB OMNISPORTS BANDOL SECTION GR,,0.3,1.2,4.366,6.6,0.0,12.466,-0.1,-4.867
Regionale 14-15 ans GR,12,ROLLAND,Stella,ENTENTE GYMNIQUE GRAND AVIGNON,,0.1,0.0,4.8,7.133,0.0,12.033,-0.433,-5.3
Regionale 14-15 ans GR,13,WUILPART,Ly-lou,GYMNASTIQUE RYTHMIQUE FREJUS,,0.4,0.9,5.5,5.133,0.0,11.933,-0.1,-5.4
Regionale 14-15 ans GR,14,ROSSETTI,Fiona,GYMNASTIQUE RYTHMIQUE FREJUS,,0.3,0.6,3.9,6.9,0.0,11.7,-0.233,-5.633
Regionale 14-15 ans GR,15,HELAUDAIS,Sarah,GYMNASTIQUE RYTHMIQUE FREJUS,,0.7,0.3,4.6,6.066,0.0,11.666,-0.034,-5.667
Category,Rang,Nom,Prenom,Club,SCMS,DB,DA,A,EXE,Pen,Total,Diff total,Diff total cumul
Regionale 16-17 ans GR,1,BRIGNOLLES,Mathilde,GYMNASTIQUE RYTHMIQUE AIX EN PROVENCE,,0.8,1.2,7.433,6.666,0.0,16.099,0.0,0.0
Regionale 16-17 ans GR,2,CHEVALIER,Cyanne,CLUB OMNISPORTS BANDOL SECTION GR,,0.5,1.7,6.933,6.4,0.0,15.533,-0.566,-0.566
Regionale 16-17 ans GR,3,FORT,Chiara,GYMNASTIQUE RYTHMIQUE FREJUS,,0.2,0.2,7.533,7.0,0.0,14.933,-0.6,-1.166
Regionale 16-17 ans GR,4,GHANNAY,Narjes,GYMNASTIQUE RYTHMIQUE FREJUS,,0.3,0.5,6.7,6.566,0.0,14.066,-0.867,-2.033
Regionale 16-17 ans GR,5,JULLIARD,Elise,GYMNASTIQUE RYTHMIQUE FREJUS,,0.3,0.0,6.9,6.7,0.0,13.9,-0.166,-2.199
Regionale 16-17 ans GR,6,SIMON VESPERINI,Lou,GYMNASTIQUE RYTHMIQUE FREJUS,,0.5,0.1,6.8,5.8,0.0,13.2,-0.7,-2.899
Regionale 16-17 ans GR,7,PASQUIER,Noélie,CLUB OMNISPORTS BANDOL SECTION GR,,0.0,1.0,6.5,5.666,0.0,13.166,-0.034,-2.933
Regionale 16-17 ans GR,8,PELLEGRINO,Julia,GYMNASTIQUE RYTHMIQUE FREJUS,,0.3,0.0,6.2,4.233,0.6,10.133,-3.033,-5.966
Category,Rang,Nom,Prenom,Club,SCMS,DB,DA,A,EXE,Pen,Total,Diff total,Diff total cumul
Regionale 18 ans et plus GR,1,FORNASIER,Clémence,CLUB OMNISPORTS BANDOL SECTION GR,,0.8,1.4,7.8,7.233,0.0,17.233,0.0,0.0
Regionale 18 ans et plus GR,2,BOUTHIER,Valentine,CLUB OMNISPORTS BANDOL SECTION GR,,0.6,0.9,8.133,6.9,0.0,16.533,-0.7,-0.7
Regionale 18 ans et plus GR,3,DEBELLE,Pauline,GYMNASTIQUE RYTHMIQUE FREJUS,,0.5,0.4,8.2,6.566,0.0,15.666,-0.867,-1.567
Regionale 18 ans et plus GR,4,CHENNA,Anissa,GYMNASTIQUE RYTHMIQUE FREJUS,,0.5,0.3,8.266,6.3,0.0,15.366,-0.3,-1.867
Regionale 18 ans et plus GR,5,MAURIN,Carla,GYMNASTIQUE RYTHMIQUE AIX EN PROVENCE,,0.4,0.0,7.966,6.566,0.0,14.932,-0.434,-2.301
Regionale 18 ans et plus GR,6,D'ALMEIDA,Axelle,UNION GYMNIQUE DU CANTON DES SOLLIES,,0.7,0.5,6.9,6.733,0.0,14.833,-0.099,-2.4
Regionale 18 ans et plus GR,7,PHILIPPE,Lilou,GYMNASTIQUE RYTHMIQUE FREJUS,,0.4,0.3,6.5,6.6,0.0,13.8,-1.033,-3.433
