Category,Engin,Rang,Nom,Prenom,Club,SCMS,DB,DA,A,EXE,Pen,Total,Diff total,Diff total cumul
Federale 16-17 ans GR,ballon,1,RUSCHETTI,Amy,AS COGOLIN GR,,1.5,2.3,8.566,8.1,0.0,20.466,0.0,0.0
Federale 16-17 ans GR,ballon,1,DELMAS,Emilie,STADE LAURENTIN GRS,,1.4,2.3,8.566,7.466,0.0,19.732,-0.734,-0.734
Federale 16-17 ans GR,ballon,2,VITALI,Eileen,STADE LAURENTIN GRS,,1.4,2.9,8.066,6.9,0.0,19.266,-0.466,-1.2
Federale 16-17 ans GR,ballon,2,HABART,Maeva,ISTRES GYMNASTIQUE RYTHMIQUE,,1.5,2.2,8.0,7.333,0.0,19.033,-0.233,-1.433
Federale 16-17 ans GR,ballon,3,MESGUICH-JAFFEUX,Clemence,STADE LAURENTIN GRS,,1.6,1.9,8.266,7.266,0.0,19.032,-0.001,-1.434
Federale 16-17 ans GR,ballon,4,SCHIMOWSKI,Philine,SAINT PAUL LA COLLE OMNISPORTS CLUB GYMNASTIQUE RYTHMIQUE,,1.6,1.6,8.133,7.266,0.0,18.599,-0.433,-1.867
Federale 16-17 ans GR,ballon,3,LEFRANC,Angélina,CLUB GYMNIQUE DE BONNEVEINE MARSEILLE,,0.2,2.7,6.7,7.533,0.0,17.133,-1.466,-3.333
Federale 16-17 ans GR,ballon,4,BOUTEILLE-THIELY,Lou ann,CLUB DE GRS ET FUNK JAZZ DE GRIMAUD,,0.7,0.2,7.9,8.066,0.0,16.866,-0.267,-3.6
Federale 16-17 ans GR,ballon,5,BUC,Eloise,LA DRACENOISE GR,,1.3,1.0,7.7,6.766,0.0,16.766,-0.1,-3.7
Federale 16-17 ans GR,ballon,5,ROSSINES,Lena,SPORTING CLUB MOUANS SARTOUX GYMNASTIQUE RYTHMIQUE,x,1.0,2.2,7.1,6.4,0.0,16.7,-0.066,-3.766
Federale 16-17 ans GR,ballon,6,MINASIAN,Sarah,SPORTS LOISIRS ET CULTURE DE MARTIGUES GYMNASTIQUE RYTHMIQUE,,1.1,1.1,6.633,7.733,0.0,16.566,-0.134,-3.9
Federale 16-17 ans GR,ballon,7,ALIX,Chloë,A.J.S. LA GARDE GRS,,1.0,1.5,7.166,6.866,0.0,16.532,-0.034,-3.934
Federale 16-17 ans GR,ballon,8,ROUX,Eva,LA DRACENOISE GR,,0.5,1.9,7.966,6.1,0.0,16.466,-0.066,-4.0
Federale 16-17 ans GR,ballon,9,KRAVTCHENKO,Kiara,ISTRES GYMNASTIQUE RYTHMIQUE,,1.7,0.9,6.666,6.933,0.0,16.199,-0.267,-4.267
Federale 16-17 ans GR,ballon,10,DANIEL,Anaïs,GYM RYTHMIC VITROLLES,,0.6,0.7,7.6,7.266,0.0,16.166,-0.033,-4.3
Federale 16-17 ans GR,ballon,11,FRACHON,Aselle,SOCIETE CULTURELLE ET OMNISPORTS DE SAINTE-MARGUERITE,,0.7,2.0,6.8,6.6,0.0,16.1,-0.066,-4.366
Federale 16-17 ans GR,ballon,12,MASSIE MION,Juliette,CLUB DE GRS ET FUNK JAZZ DE GRIMAUD,,1.2,0.7,6.733,7.333,0.0,15.966,-0.134,-4.5
Federale 16-17 ans GR,ballon,13,FLOQUET,Liza,LA DRACENOISE GR,,0.8,0.8,8.0,6.566,0.3,15.866,-0.1,-4.6
Federale 16-17 ans GR,ballon,6,GENQUET,Candice,SPORTING CLUB MOUANS SARTOUX GYMNASTIQUE RYTHMIQUE,x,1.4,0.7,7.366,6.933,0.6,15.799,-0.067,-4.667
Federale 16-17 ans GR,ballon,14,HUGOL,Paloma,CLUB OMNISPORTS BANDOL SECTION GR,,1.2,0.6,7.1,6.566,0.0,15.466,-0.333,-5.0
Federale 16-17 ans GR,ballon,15,MONROSE,Maeva,SPORTS LOISIRS ET CULTURE DE MARTIGUES GYMNASTIQUE RYTHMIQUE,,1.1,1.6,6.966,5.6,0.0,15.266,-0.2,-5.2
Federale 16-17 ans GR,ballon,7,SCHMIDLIN,Jade,SPORTING CLUB MOUANS SARTOUX GYMNASTIQUE RYTHMIQUE,x,1.5,0.4,6.933,6.266,0.0,15.099,-0.167,-5.367
Federale 16-17 ans GR,ballon,16,FOURCIN,Jade,SPORTS LOISIRS ET CULTURE DE MARTIGUES GYMNASTIQUE RYTHMIQUE,,0.8,1.1,7.566,5.5,0.0,14.966,-0.133,-5.5
Federale 16-17 ans GR,ballon,17,FRAU,Catalina,CLUB GYMNIQUE DE BONNEVEINE MARSEILLE,,1.0,0.5,5.6,5.733,0.9,11.933,-3.033,-8.533
Federale 16-17 ans GR,ballon,18,LEFEBVRE,Lola,A.J.S. LA GARDE GRS,,0.8,0.0,5.5,5.766,0.3,11.766,-0.167,-8.7
Category,Engin,Rang,Nom,Prenom,Club,SCMS,DB,DA,A,EXE,Pen,Total,Diff total,Diff total cumul
Federale 14-15 ans GR,corde,1,DUPONT TURK,Karen,STADE LAURENTIN GRS,,1.5,2.3,7.833,7.266,0.0,18.899,0.0,0.0
Federale 14-15 ans GR,corde,1,BALDACCI,Chiara,CLUB OMNISPORTS BANDOL SECTION GR,,1.3,1.4,7.566,8.0,0.0,18.266,-0.633,-0.633
Federale 14-15 ans GR,corde,2,BERNARD,Louna,STADE LAURENTIN GRS,,1.2,1.8,7.5,7.666,0.0,18.166,-0.1,-0.733
Federale 14-15 ans GR,corde,2,DUMONT,Mahée,SOCIETE CULTURELLE ET OMNISPORTS DE SAINTE-MARGUERITE,,1.5,2.3,6.7,7.533,0.0,18.033,-0.133,-0.866
Federale 14-15 ans GR,corde,3,IWA,Vittoria,LA DRACENOISE GR,,1.0,1.4,7.366,8.033,0.0,17.799,-0.234,-1.1
Federale 14-15 ans GR,corde,3,ISNARDON,Agathe,CLUB GYMNIQUE DE BONNEVEINE MARSEILLE,,1.1,1.4,7.066,8.233,0.0,17.799,0.0,-1.1
Federale 14-15 ans GR,corde,3,HAMALIAN,Liv,STADE LAURENTIN GRS,,0.9,1.7,7.5,7.233,0.0,17.333,-0.466,-1.566
Federale 14-15 ans GR,corde,4,BECK,Asia-mae,SAINT PAUL LA COLLE OMNISPORTS CLUB GYMNASTIQUE RYTHMIQUE,,0.9,2.1,7.4,6.9,0.0,17.3,-0.033,-1.599
Federale 14-15 ans GR,corde,5,BEVER,Calie,ENTENTE GYMNIQUE GRAND AVIGNON,,1.3,1.1,6.866,7.066,0.0,16.332,-0.968,-2.567
Federale 14-15 ans GR,corde,6,SANCHIS,Enola,STADE LAURENTIN GRS,,0.8,1.8,6.733,6.866,0.0,16.199,-0.133,-2.7
Federale 14-15 ans GR,corde,7,BERTELLO,Annelise,SPORTING CLUB MOUANS SARTOUX GYMNASTIQUE RYTHMIQUE,x,1.1,1.4,7.3,6.333,0.0,16.133,-0.066,-2.766
Federale 14-15 ans GR,corde,8,ZEDADKA,Jade,ENTENTE GYMNIQUE GRAND AVIGNON,,0.7,1.0,6.866,7.4,0.0,15.966,-0.167,-2.933
Federale 14-15 ans GR,corde,9,CAMARA,Lylou,SAINT PAUL LA COLLE OMNISPORTS CLUB GYMNASTIQUE RYTHMIQUE,,1.2,0.5,7.133,6.566,0.0,15.399,-0.567,-3.5
Federale 14-15 ans GR,corde,10,BOUFAIED,Maia,STADE LAURENTIN GRS,,1.1,1.5,6.333,6.033,0.0,14.966,-0.433,-3.933
Federale 14-15 ans GR,corde,11,VEYRIER,Nais,ENTENTE GYMNIQUE GRAND AVIGNON,,0.7,0.5,6.966,5.833,0.0,13.999,-0.967,-4.9
Federale 14-15 ans GR,corde,12,BOUCHARD,Zoe,ENTENTE GYMNIQUE GRAND AVIGNON,,0.9,0.5,5.533,5.9,0.0,12.833,-1.166,-6.066
Category,Engin,Rang,Nom,Prenom,Club,SCMS,DB,DA,A,EXE,Pen,Total,Diff total,Diff total cumul
REGIONALE 7 ANS GR,mains libres,1,MARCHAL,Margaux,STADE LAURENTIN GRS,,1.9,,5.833,6.433,0.0,14.166,0.0,0.0
REGIONALE 7 ANS GR,mains libres,2,LEFEBVRE,Maelys,SAINT PAUL LA COLLE OMNISPORTS CLUB GYMNASTIQUE RYTHMIQUE,,1.3,,5.133,5.1,0.0,11.533,-2.633,-2.633
REGIONALE 7 ANS GR,mains libres,3,STRASHNOVA,Kira,GR COTE D'AZUR,,0.7,,5.0,5.6,0.0,11.3,-0.233,-2.866
REGIONALE 7 ANS GR,mains libres,4,NIKITINA,Vera,GR COTE D'AZUR,,0.4,,4.8,5.233,0.0,10.433,-0.867,-3.733
REGIONALE 7 ANS GR,mains libres,5,MALKIN,Misha,GR COTE D'AZUR,,0.3,,4.466,5.266,0.0,10.032,-0.401,-4.134
Category,Engin,Rang,Nom,Prenom,Club,SCMS,DB,DA,A,EXE,Pen,Total,Diff total,Diff total cumul
Regionale 10-11 ans GR,engin libre,1,NOURRY,Louise,ASSOCIATION INTERCOMMUNALE SPORTIVE ET ARTISTIQUE GR Côte d'Azur,,0.5,1.3,8.066,8.0,0.0,17.866,0.0,0.0
Regionale 10-11 ans GR,engin libre,1,MUNOZ,Paloma ,ASSOCIATION SPORTIVE ST RAPHAELOISE GRS,,0.2,1.1,7.633,7.9,0.0,16.833,-1.033,-1.033
Regionale 10-11 ans GR,engin libre,2,LA ROCCA,Nina,ASSOCIATION SPORTIVE ST RAPHAELOISE GRS,,0.2,0.8,7.6,7.833,0.0,16.433,-0.4,-1.433
Regionale 10-11 ans GR,engin libre,3,DE SOUSA ,Mila,CLUB DE GRS ET FUNK JAZZ DE GRIMAUD,,0.3,0.7,8.333,7.4,0.6,16.133,-0.3,-1.733
Regionale 10-11 ans GR,engin libre,4,EECKHOUTTE,Maëly,ASSOCIATION SPORTIVE ST RAPHAELOISE GRS,,0.5,0.3,7.966,7.333,0.0,16.099,-0.034,-1.767
Regionale 10-11 ans GR,engin libre,2,BORDIEU,Audrey,ASSOCIATION INTERCOMMUNALE SPORTIVE ET ARTISTIQUE GR Côte d'Azur,,0.1,0.8,7.6,7.333,0.0,15.833,-0.266,-2.033
Regionale 10-11 ans GR,engin libre,3,BOULINGUEZ-VERSE,Ambre,SAINT PAUL LA COLLE OMNISPORTS CLUB GYMNASTIQUE RYTHMIQUE,,0.0,0.8,7.033,7.866,0.0,15.699,-0.134,-2.167
Regionale 10-11 ans GR,engin libre,5,REGNAULT,Eloïse,UNION GYMNIQUE DU CANTON DES SOLLIES,,0.0,1.0,7.8,6.7,0.0,15.5,-0.199,-2.366
Regionale 10-11 ans GR,engin libre,4,APEDO AMAH,Robyn lou,ASPTT NICE GR,,0.0,1.1,8.233,6.066,0.3,15.099,-0.401,-2.767
Regionale 10-11 ans GR,engin libre,6,MOURET,Lilou,CLUB DE GRS ET FUNK JAZZ DE GRIMAUD,,0.2,0.5,7.2,7.133,0.0,15.033,-0.066,-2.833
Regionale 10-11 ans GR,engin libre,7,MONTAGARD GERIM,Camille,GYMNASTIQUE RYTHMIQUE FREJUS,,0.0,0.3,7.2,7.1,0.0,14.6,-0.433,-3.266
Regionale 10-11 ans GR,engin libre,8,BACKER,Zoé,ASSOCIATION SPORTIVE ST RAPHAELOISE GRS,,0.0,0.3,6.766,7.2,0.0,14.266,-0.334,-3.6
Regionale 10-11 ans GR,engin libre,9,ICART,Éma,GYMNASTIQUE RYTHMIQUE FREJUS,,0.4,0.5,6.6,6.433,0.0,13.933,-0.333,-3.933
Regionale 10-11 ans GR,engin libre,10,ROSELLO,Emma,ASSOCIATION SPORTIVE ST RAPHAELOISE GRS,,0.2,0.3,7.4,6.5,0.8,13.6,-0.333,-4.266
Regionale 10-11 ans GR,engin libre,5,DEHAYS,Elisa,SAINT PAUL LA COLLE OMNISPORTS CLUB GYMNASTIQUE RYTHMIQUE,,0.3,0.7,6.433,5.6,0.0,13.033,-0.567,-4.833
Regionale 10-11 ans GR,engin libre,11,CLEMENCEAU POINCELIN,Emmi,CLUB OMNISPORTS BANDOL SECTION GR,,0.0,0.7,6.733,6.033,0.6,12.866,-0.167,-5.0
Regionale 10-11 ans GR,engin libre,6,HELLE,Camille,ENTENTE GYMNIQUE GRAND AVIGNON,,0.0,0.2,6.633,5.8,0.6,12.033,-0.833,-5.833
Regionale 10-11 ans GR,engin libre,12,REBUTTINI PRIGENT,Gianna,GYMNASTIQUE RYTHMIQUE FREJUS,,0.0,0.4,6.833,4.8,0.0,12.033,0.0,-5.833
Regionale 10-11 ans GR,engin libre,7,POLLONO,Domitille,ENTENTE GYMNIQUE GRAND AVIGNON,,0.0,0.5,6.166,5.966,0.6,12.032,-0.001,-5.834
Regionale 10-11 ans GR,engin libre,8,BENSAAD,Dina,ENTENTE GYMNIQUE GRAND AVIGNON,,0.0,0.0,5.1,6.0,0.0,11.1,-0.932,-6.766
Category,Engin,Rang,Nom,Prenom,Club,SCMS,DB,DA,A,EXE,Pen,Total,Diff total,Diff total cumul
Nationale A 16-17 ans GR,engin libre,1,BORZENKO,Masha,MONACO GYMNASTIQUE RYTHMIQUE,,6.3,4.6,7.733,6.0,0.6,24.033,-23.266,-23.266
Nationale A 16-17 ans GR,engin libre,1,OUANZAR,Naelle,UNION GYMNIQUE DU CANTON DES SOLLIES,,3.6,1.8,7.466,5.933,0.3,18.499,-28.8,-28.8
Nationale A 16-17 ans GR,engin libre,2,STOÏTCHKOVA,Ema,ASPTT NICE GR,,4.2,2.3,6.5,6.066,0.0,19.066,-23.966,-28.233
Nationale A 16-17 ans GR,ruban,1,BORZENKO,Masha,MONACO GYMNASTIQUE RYTHMIQUE,,3.5,5.0,7.966,6.8,0.0,23.266,-24.033,-24.033
Nationale A 16-17 ans GR,ruban,1,OUANZAR,Naelle,UNION GYMNIQUE DU CANTON DES SOLLIES,,4.3,3.4,8.8,8.033,0.0,24.533,-22.766,-22.766
Nationale A 16-17 ans GR,ruban,2,STOÏTCHKOVA,Ema,ASPTT NICE GR,,3.7,4.3,5.4,7.233,0.0,20.633,-22.399,-26.666
Category,Engin,Rang,Nom,Prenom,Club,SCMS,DB,DA,A,EXE,Pen,Total,Diff total,Diff total cumul
Federale 12-13 ans GR,massues,1,DUVAL,Maëlys,GYMNASTIQUE RYTHMIQUE AIX EN PROVENCE,,1.1,1.4,8.366,7.233,0.0,18.099,0.0,0.0
Federale 12-13 ans GR,massues,2,TRANI,Alyson,CLUB GYMNIQUE DE BONNEVEINE MARSEILLE,,1.2,1.2,8.333,7.233,0.0,17.966,-0.133,-0.133
Federale 12-13 ans GR,massues,1,FARAMIA,Annael,ASSOCIATION INTERCOMMUNALE SPORTIVE ET ARTISTIQUE GR Côte d'Azur,,0.6,2.3,7.9,6.833,0.0,17.633,-0.333,-0.466
Federale 12-13 ans GR,massues,2,RODRIGUES DE CASTRO,Maéva,SAINT PAUL LA COLLE OMNISPORTS CLUB GYMNASTIQUE RYTHMIQUE,,1.1,1.7,8.1,6.633,0.0,17.533,-0.1,-0.566
Federale 12-13 ans GR,massues,3,KLOTCHKO,Kristina,SOCIETE CULTURELLE ET OMNISPORTS DE SAINTE-MARGUERITE,,0.6,2.4,8.066,6.3,0.0,17.366,-0.167,-0.733
Federale 12-13 ans GR,massues,4,ACREMENT,Amadea,GYMNASTIQUE RYTHMIQUE AIX EN PROVENCE,,0.8,2.1,6.9,6.933,0.0,16.733,-0.633,-1.366
Federale 12-13 ans GR,massues,5,BOTTI,Victoria,GYM RYTHMIC VITROLLES,,1.3,0.7,7.833,6.5,0.0,16.333,-0.4,-1.766
Federale 12-13 ans GR,massues,6,MARCOS,Elina,GYM RYTHMIQUE CLUB SALON GRANS,,1.2,1.7,8.133,5.266,0.0,16.299,-0.034,-1.8
Federale 12-13 ans GR,massues,7,JEAN,Camille,CLUB GYMNIQUE DE BONNEVEINE MARSEILLE,,0.9,1.1,7.7,6.5,0.0,16.2,-0.099,-1.899
Federale 12-13 ans GR,massues,8,DELMI,Kamelia,CLUB GYMNIQUE DE BONNEVEINE MARSEILLE,,0.9,1.2,7.633,6.3,0.0,16.033,-0.167,-2.066
Federale 12-13 ans GR,massues,9,PEREZ,Anaïa,UNION GYMNIQUE DU CANTON DES SOLLIES,,0.9,1.5,7.366,6.233,0.0,15.999,-0.034,-2.1
Federale 12-13 ans GR,massues,10,COLLET SCHMELTZER,Léa,CLUB GYMNIQUE DE BONNEVEINE MARSEILLE,,1.1,0.7,7.133,6.833,0.0,15.766,-0.233,-2.333
Federale 12-13 ans GR,massues,3,TOBIA,Charlotte,SAINT PAUL LA COLLE OMNISPORTS CLUB GYMNASTIQUE RYTHMIQUE,,0.8,1.6,7.7,5.5,0.0,15.6,-0.166,-2.499
Federale 12-13 ans GR,massues,11,DUPRE OLIVES,Maxine,GYM RYTHMIC VITROLLES,,0.6,0.6,7.833,6.166,0.0,15.199,-0.401,-2.9
Federale 12-13 ans GR,massues,12,MASSERAND,Lilou,UNION GYMNIQUE DU CANTON DES SOLLIES,,0.8,1.1,7.2,5.766,0.0,14.866,-0.333,-3.233
Federale 12-13 ans GR,massues,12,KIEFFER,Annaé,ASSOCIATION SPORTIVE ST RAPHAELOISE GRS,,0.9,1.3,6.6,6.066,0.0,14.866,0.0,-3.233
Federale 12-13 ans GR,massues,4,APPIETTO,Lesia,SAINT PAUL LA COLLE OMNISPORTS CLUB GYMNASTIQUE RYTHMIQUE,,0.7,1.5,7.366,5.266,0.3,14.532,-0.334,-3.567
Federale 12-13 ans GR,massues,5,DANNA,Letizia,SAINT PAUL LA COLLE OMNISPORTS CLUB GYMNASTIQUE RYTHMIQUE,,0.6,1.3,6.933,4.5,0.0,13.333,-1.199,-4.766
Federale 12-13 ans GR,massues,6,QUEVAL,Marie,SPORTING CLUB MOUANS SARTOUX GYMNASTIQUE RYTHMIQUE,x,0.4,1.1,7.033,5.133,0.6,13.066,-0.267,-5.033
Category,Engin,Rang,Nom,Prenom,Club,SCMS,DB,DA,A,EXE,Pen,Total,Diff total,Diff total cumul
Nationale A 14-15 ans GR,massues,1,DE LAVAL,SIXTINE,GYMNASTIQUE RYTHMIQUE AIX EN PROVENCE,,3.7,2.6,6.533,6.6,0.0,19.433,-19.732,-19.732
Nationale A 14-15 ans GR,massues,1,SAPRONOVA,Miléna,ASPTT NICE GR,,5.1,1.9,6.833,5.166,0.6,18.399,-20.766,-20.766
Nationale A 14-15 ans GR,massues,2,GLAZUNOVA,Anisiya,GR COTE D'AZUR,,4.0,2.7,5.766,6.866,0.0,19.332,-17.533,-19.833
Nationale A 14-15 ans GR,massues,3,SHYIAN,Alisa,ASPTT NICE GR,,4.1,1.6,4.9,3.133,0.0,13.733,-18.732,-25.432
Nationale A 14-15 ans GR,ruban,1,DE LAVAL,SIXTINE,GYMNASTIQUE RYTHMIQUE AIX EN PROVENCE,,3.9,2.7,6.566,6.566,0.0,19.732,-19.433,-19.433
Nationale A 14-15 ans GR,ruban,1,SAPRONOVA,Miléna,ASPTT NICE GR,,4.0,3.1,5.3,6.666,0.6,18.466,-20.699,-20.699
Nationale A 14-15 ans GR,ruban,2,GLAZUNOVA,Anisiya,GR COTE D'AZUR,,2.7,1.7,3.233,5.5,0.0,13.133,-23.732,-26.032
Nationale A 14-15 ans GR,ruban,3,SHYIAN,Alisa,ASPTT NICE GR,,2.6,2.9,5.066,4.866,0.8,14.632,-17.833,-24.533
Category,Engin,Rang,Nom,Prenom,Club,SCMS,DB,DA,A,EXE,Pen,Total,Diff total,Diff total cumul
Nationale 10 ans GR,mains libres,1,BOGDANOVA,Sylvia,ASPTT NICE GR,,6.0,,9.466,8.733,0.0,24.199,-24.033,-24.033
Nationale 10 ans GR,mains libres,2,MALKIN,Yasmina,GR COTE D'AZUR,,3.7,,8.0,7.833,0.0,19.533,-28.699,-28.699
Nationale 10 ans GR,mains libres,1,PELLETIER,Tara,UNION GYMNIQUE DU CANTON DES SOLLIES,,3.1,,7.966,7.7,0.0,18.766,-18.399,-29.466
Nationale 10 ans GR,mains libres,3,LAHOUD,Catherine,MONACO GYMNASTIQUE RYTHMIQUE,,1.6,,5.666,6.733,0.0,13.999,-21.6,-34.233
Nationale 10 ans GR,mains libres,4,BOUZOU,Maya,LICENCES INDIVIDUELLES FFGym,,1.9,,6.5,5.833,0.0,14.233,-12.032,-33.999
Nationale 10 ans GR,mains libres,5,KISELEVA,Yaroslava,LICENCES INDIVIDUELLES FFGym,,1.5,,4.2,4.0,0.0,9.7,-15.566,-38.532
Nationale 10 ans GR,cerceau,1,BOGDANOVA,Sylvia,ASPTT NICE GR,,4.0,3.1,8.8,8.133,0.0,24.033,-24.199,-24.199
Nationale 10 ans GR,cerceau,2,MALKIN,Yasmina,GR COTE D'AZUR,,2.7,1.6,7.266,6.066,0.0,17.632,-30.6,-30.6
Nationale 10 ans GR,cerceau,1,PELLETIER,Tara,UNION GYMNIQUE DU CANTON DES SOLLIES,,2.3,2.3,6.233,6.0,0.0,16.833,-20.332,-31.399
Nationale 10 ans GR,cerceau,3,LAHOUD,Catherine,MONACO GYMNASTIQUE RYTHMIQUE,,1.4,0.7,6.066,4.1,0.0,12.266,-23.333,-35.966
Nationale 10 ans GR,cerceau,4,BOUZOU,Maya,LICENCES INDIVIDUELLES FFGym,,0.3,1.3,5.0,4.433,0.0,11.033,-15.232,-37.199
Nationale 10 ans GR,cerceau,5,KISELEVA,Yaroslava,LICENCES INDIVIDUELLES FFGym,,0.7,0.3,4.7,4.1,0.0,9.8,-15.466,-38.432
Category,Engin,Rang,Nom,Prenom,Club,SCMS,DB,DA,A,EXE,Pen,Total,Diff total,Diff total cumul
Nationale B 18 ans et plus GR,engin libre,1,GARCIA,Lea,SAINT PAUL LA COLLE OMNISPORTS CLUB GYMNASTIQUE RYTHMIQUE,,4.0,2.0,7.6,6.533,0.0,20.133,-23.266,-23.266
Nationale B 18 ans et plus GR,engin libre,1,MARQUIER,Manon,SOCIETE CULTURELLE ET OMNISPORTS DE SAINTE-MARGUERITE,,4.0,1.5,7.733,5.7,0.0,18.933,-24.466,-24.466
Nationale B 18 ans et plus GR,engin libre,2,JEANNIN,Justine,GYMNASTIQUE RYTHMIQUE AIX EN PROVENCE,,3.4,2.0,7.733,6.733,0.0,19.866,-22.3,-23.533
Nationale B 18 ans et plus GR,engin libre,3,ANTOMARCHI,Lucie,STADE MARSEILLAIS UNIVERSITE CLUB,,3.4,1.8,8.0,7.1,0.0,20.3,-21.232,-23.099
Nationale B 18 ans et plus GR,engin libre,4,GREGOIRE,Carla,CLUB OMNISPORTS BANDOL SECTION GR,,2.3,1.8,8.233,7.166,0.0,19.499,-21.901,-23.9
Nationale B 18 ans et plus GR,engin libre,2,TAULANE,Jodie,STADE LAURENTIN GRS,,2.5,2.6,7.066,5.8,0.0,17.966,-22.232,-25.433
Nationale B 18 ans et plus GR,engin libre,3,VALDOR,Floriane,STADE LAURENTIN GRS,,3.1,2.8,7.366,6.166,0.0,19.432,-18.967,-23.967
Nationale B 18 ans et plus GR,engin libre,5,MORIN,Telma,AS COGOLIN GR,,2.3,1.7,6.7,6.3,0.0,17.0,-21.398,-26.399
Nationale B 18 ans et plus GR,engin libre,6,HADJI,Dina,A.J.S. LA GARDE GRS,,2.8,1.6,7.433,5.666,0.0,17.499,-19.101,-25.9
Nationale B 18 ans et plus GR,engin libre,7,DUMONTEIL,Laetitia,SOCIETE CULTURELLE ET OMNISPORTS DE SAINTE-MARGUERITE,,2.7,1.1,6.066,5.9,0.0,15.766,-19.665,-27.633
Nationale B 18 ans et plus GR,engin libre,4,BISCH,Lilou,ENTENTE GYMNIQUE GRAND AVIGNON,,2.2,1.2,5.433,4.866,0.3,13.399,-20.6,-30.0
Nationale B 18 ans et plus GR,cerceau,1,GARCIA,Lea,SAINT PAUL LA COLLE OMNISPORTS CLUB GYMNASTIQUE RYTHMIQUE,,3.9,4.1,7.933,7.333,0.0,23.266,-20.133,-20.133
Nationale B 18 ans et plus GR,cerceau,1,MARQUIER,Manon,SOCIETE CULTURELLE ET OMNISPORTS DE SAINTE-MARGUERITE,,3.6,4.3,8.2,7.133,0.0,23.233,-20.166,-20.166
Nationale B 18 ans et plus GR,cerceau,2,JEANNIN,Justine,GYMNASTIQUE RYTHMIQUE AIX EN PROVENCE,,4.5,2.2,7.533,7.433,0.0,21.666,-20.5,-21.733
Nationale B 18 ans et plus GR,cerceau,3,ANTOMARCHI,Lucie,STADE MARSEILLAIS UNIVERSITE CLUB,,2.1,3.1,7.6,8.3,0.0,21.1,-20.432,-22.299
Nationale B 18 ans et plus GR,cerceau,4,GREGOIRE,Carla,CLUB OMNISPORTS BANDOL SECTION GR,,1.8,2.7,8.666,7.533,0.0,20.699,-20.701,-22.7
Nationale B 18 ans et plus GR,cerceau,2,TAULANE,Jodie,STADE LAURENTIN GRS,,3.1,3.3,7.633,6.4,0.0,20.433,-19.765,-22.966
Nationale B 18 ans et plus GR,cerceau,3,VALDOR,Floriane,STADE LAURENTIN GRS,,3.0,2.3,7.166,6.5,0.0,18.966,-19.433,-24.433
Nationale B 18 ans et plus GR,cerceau,5,MORIN,Telma,AS COGOLIN GR,,3.3,2.5,6.5,7.3,0.0,19.6,-18.798,-23.799
Nationale B 18 ans et plus GR,cerceau,6,HADJI,Dina,A.J.S. LA GARDE GRS,,2.3,2.5,6.266,6.866,0.0,17.932,-18.668,-25.467
Nationale B 18 ans et plus GR,cerceau,7,DUMONTEIL,Laetitia,SOCIETE CULTURELLE ET OMNISPORTS DE SAINTE-MARGUERITE,,2.6,3.5,6.533,5.9,0.3,18.233,-17.198,-25.166
Nationale B 18 ans et plus GR,cerceau,4,BISCH,Lilou,ENTENTE GYMNIQUE GRAND AVIGNON,,3.5,1.6,6.933,7.833,0.0,19.866,-14.133,-23.533
Category,Engin,Rang,Nom,Prenom,Club,SCMS,DB,DA,A,EXE,Pen,Total,Diff total,Diff total cumul
Regionale 18 ans et plus GR,engin libre,1,MAURIN,Carla,GYMNASTIQUE RYTHMIQUE AIX EN PROVENCE,,0.7,1.5,8.5,8.1,0.0,18.8,0.0,0.0
Regionale 18 ans et plus GR,engin libre,2,DEBELLE,Pauline,GYMNASTIQUE RYTHMIQUE FREJUS,,0.2,1.6,7.633,7.133,0.0,16.566,-2.234,-2.234
Regionale 18 ans et plus GR,engin libre,3,BOUTHIER,Valentine,CLUB OMNISPORTS BANDOL SECTION GR,,0.5,1.3,7.633,5.966,0.0,15.399,-1.167,-3.401
Regionale 18 ans et plus GR,engin libre,4,FORNASIER,Clémence,CLUB OMNISPORTS BANDOL SECTION GR,,0.6,0.9,8.133,5.633,0.0,15.266,-0.133,-3.534
Regionale 18 ans et plus GR,engin libre,5,D'ALMEIDA,Axelle,UNION GYMNIQUE DU CANTON DES SOLLIES,,0.5,1.0,6.7,7.0,0.0,15.2,-0.066,-3.6
Regionale 18 ans et plus GR,engin libre,5,CHENNA,Anissa,GYMNASTIQUE RYTHMIQUE FREJUS,,0.0,1.3,7.2,6.7,0.0,15.2,0.0,-3.6
Regionale 18 ans et plus GR,engin libre,7,PHILIPPE,Lilou,GYMNASTIQUE RYTHMIQUE FREJUS,,0.0,1.4,6.933,6.733,0.0,15.066,-0.134,-3.734
Category,Engin,Rang,Nom,Prenom,Club,SCMS,DB,DA,A,EXE,Pen,Total,Diff total,Diff total cumul
REGIONALE 9 ANS GR,mains libres,1,MALKO,Karolina,MONACO GYMNASTIQUE RYTHMIQUE,,1.4,,6.633,6.133,0.0,14.166,0.0,0.0
REGIONALE 9 ANS GR,mains libres,2,PATTARD,Emilie,STADE LAURENTIN GRS,,1.7,,5.933,6.366,0.0,13.999,-0.167,-0.167
REGIONALE 9 ANS GR,mains libres,1,OUERFELLI,Dania,SPORTS LOISIRS ET CULTURE DE MARTIGUES GYMNASTIQUE RYTHMIQUE,,1.7,,6.4,5.7,0.0,13.8,-0.199,-0.366
REGIONALE 9 ANS GR,mains libres,2,BAUDOIN,Lou-eva,AS COGOLIN GR,,0.7,,7.0,5.433,0.0,13.133,-0.667,-1.033
REGIONALE 9 ANS GR,mains libres,3,CHEVALIER,Justine,UNION GYMNIQUE DU CANTON DES SOLLIES,,1.3,,5.6,5.533,0.0,12.433,-0.7,-1.733
REGIONALE 9 ANS GR,mains libres,4,LEMOSQUET SOMMIER,Tïya,A.J.S. LA GARDE GRS,,1.0,,5.3,5.833,0.0,12.133,-0.3,-2.033
REGIONALE 9 ANS GR,mains libres,5,PLANÇON,Eve,UNION GYMNIQUE DU CANTON DES SOLLIES,,1.1,,4.766,5.933,0.0,11.799,-0.334,-2.367
REGIONALE 9 ANS GR,mains libres,6,BOUANICH,Elona,GYMNASTIQUE RYTHMIQUE FREJUS,,0.9,,4.166,5.266,0.0,10.332,-1.467,-3.834
Category,Engin,Rang,Nom,Prenom,Club,SCMS,DB,DA,A,EXE,Pen,Total,Diff total,Diff total cumul
Federale 10-11 ans GR,cerceau,1,MADEDDU CASTOR,Alexia,AS COGOLIN GR,,0.8,1.2,8.7,8.166,0.0,18.866,0.0,0.0
Federale 10-11 ans GR,cerceau,1,SAYI,Lya,STADE LAURENTIN GRS,,0.7,2.8,7.3,7.0,0.0,17.8,-1.066,-1.066
Federale 10-11 ans GR,cerceau,2,DUPOUX,Enora,ASSOCIATION INTERCOMMUNALE SPORTIVE ET ARTISTIQUE GR Côte d'Azur,,0.9,0.6,7.9,7.766,0.0,17.166,-0.634,-1.7
Federale 10-11 ans GR,cerceau,2,THOMAS,Lucie,LA DRACENOISE GR,,0.6,1.3,7.966,6.866,0.0,16.732,-0.434,-2.134
Federale 10-11 ans GR,cerceau,3,HENRY CRILLON,Tess,CLUB GYMNIQUE DE BONNEVEINE MARSEILLE,,0.2,0.7,8.033,7.7,0.0,16.633,-0.099,-2.233
Federale 10-11 ans GR,cerceau,3,REVERSE,Capucine,ASSOCIATION INTERCOMMUNALE SPORTIVE ET ARTISTIQUE GR Côte d'Azur,,0.6,1.0,7.7,7.066,0.6,15.766,-0.867,-3.1
Federale 10-11 ans GR,cerceau,4,CHAMAND,Mathilda,CLUB GYMNIQUE DE BONNEVEINE MARSEILLE,,0.1,1.5,7.4,6.5,0.0,15.5,-0.266,-3.366
Federale 10-11 ans GR,cerceau,5,DEMONTIS,Selena,UNION GYMNIQUE DU CANTON DES SOLLIES,,0.4,1.3,6.866,6.766,0.0,15.332,-0.168,-3.534
Federale 10-11 ans GR,cerceau,6,DELPUECH,Heloise,GYM RYTHMIQUE CLUB SALON GRANS,,0.5,1.3,7.066,6.166,0.0,15.032,-0.3,-3.834
Federale 10-11 ans GR,cerceau,4,MULA,Maellys,STADE LAURENTIN GRS,,0.3,1.3,7.7,5.333,0.0,14.633,-0.399,-4.233
Federale 10-11 ans GR,cerceau,5,BERTINI,Lana,STADE LAURENTIN GRS,,0.6,1.6,6.733,5.6,0.0,14.533,-0.1,-4.333
Federale 10-11 ans GR,cerceau,7,SALOMEZ,CHARLOTTE,CLUB GYMNIQUE DE BONNEVEINE MARSEILLE,,0.1,1.2,6.9,5.833,0.0,14.033,-0.5,-4.833
Federale 10-11 ans GR,cerceau,6,CORONA,Clémence,ASSOCIATION INTERCOMMUNALE SPORTIVE ET ARTISTIQUE GR Côte d'Azur,,0.6,0.6,7.233,6.133,0.6,13.966,-0.067,-4.9
Federale 10-11 ans GR,cerceau,8,MURDEN,Keanna,CLUB GYMNIQUE DE BONNEVEINE MARSEILLE,,0.6,0.1,6.866,6.2,0.0,13.766,-0.2,-5.1
Federale 10-11 ans GR,cerceau,9,MORRELLI,Alexy,GYM RYTHMIC VITROLLES,,0.0,0.8,7.933,5.3,0.6,13.433,-0.333,-5.433
Federale 10-11 ans GR,cerceau,7,GUIGE,Julia,SAINT PAUL LA COLLE OMNISPORTS CLUB GYMNASTIQUE RYTHMIQUE,,0.3,0.2,6.6,5.9,0.0,13.0,-0.433,-5.866
Federale 10-11 ans GR,cerceau,10,TASTEYRE,Chiara,GYM RYTHMIC VITROLLES,,0.1,0.6,6.5,5.533,0.0,12.733,-0.267,-6.133
Federale 10-11 ans GR,cerceau,11,FURON,Julia,GYM RYTHMIQUE CLUB SALON GRANS,,0.1,1.1,6.066,5.833,0.6,12.499,-0.234,-6.367
Federale 10-11 ans GR,cerceau,12,NICOLAS,APOLLINE,GYM RYTHMIQUE CLUB SALON GRANS,,0.3,0.4,5.6,6.0,0.0,12.3,-0.199,-6.566
Federale 10-11 ans GR,cerceau,8,VARBANETS,Mariya,GR COTE D'AZUR,,0.0,0.8,5.066,5.5,0.0,11.366,-0.934,-7.5
Federale 10-11 ans GR,cerceau,13,LARDIDI,Lina,SPORTS LOISIRS ET CULTURE DE MARTIGUES GYMNASTIQUE RYTHMIQUE,,0.0,0.0,5.466,5.666,0.0,11.132,-0.234,-7.734
Category,Engin,Rang,Nom,Prenom,Club,SCMS,DB,DA,A,EXE,Pen,Total,Diff total,Diff total cumul
Nationale C 12-13 ans GR,cerceau,1,ALLOIX,Emilie,ASSOCIATION INTERCOMMUNALE SPORTIVE ET ARTISTIQUE GR Côte d'Azur,,3.1,2.2,7.066,8.0,0.0,20.366,0.0,0.0
Nationale C 12-13 ans GR,cerceau,2,HAMILA,Syrine,SAINT PAUL LA COLLE OMNISPORTS CLUB GYMNASTIQUE RYTHMIQUE,,2.5,1.7,7.3,8.033,0.0,19.533,-0.833,-0.833
Nationale C 12-13 ans GR,cerceau,1,GASPARYAN,Sofi,SOCIETE CULTURELLE ET OMNISPORTS DE SAINTE-MARGUERITE,,2.9,1.7,6.9,7.766,0.0,19.266,-0.267,-1.1
Nationale C 12-13 ans GR,cerceau,2,FIORINI,Lisa,GYM RYTHMIQUE CLUB SALON GRANS,,3.1,2.0,6.2,7.866,0.0,19.166,-0.1,-1.2
Nationale C 12-13 ans GR,cerceau,3,BERKANE,Kenza,SPORTS LOISIRS ET CULTURE DE MARTIGUES GYMNASTIQUE RYTHMIQUE,,1.7,2.3,7.066,7.533,0.0,18.599,-0.567,-1.767
Nationale C 12-13 ans GR,cerceau,3,GASPERINI,Stella,ASSOCIATION INTERCOMMUNALE SPORTIVE ET ARTISTIQUE GR Côte d'Azur,,2.9,1.6,6.533,6.933,0.0,17.966,-0.633,-2.4
Nationale C 12-13 ans GR,cerceau,4,SARRE,Capucine,CLUB GYMNIQUE DE BONNEVEINE MARSEILLE,,1.8,1.9,6.3,6.933,0.0,16.933,-1.033,-3.433
Nationale C 12-13 ans GR,cerceau,5,COURTY CADAU,Oyanna,SPORTS LOISIRS ET CULTURE DE MARTIGUES GYMNASTIQUE RYTHMIQUE,,1.9,1.3,5.866,7.4,0.0,16.466,-0.467,-3.9
Nationale C 12-13 ans GR,cerceau,6,AMET,Livana,GYMNASTIQUE RYTHMIQUE AIX EN PROVENCE,,1.1,3.0,6.266,6.1,0.3,16.166,-0.3,-4.2
Nationale C 12-13 ans GR,cerceau,7,NAUTONNIER,Olivia,GYMNASTIQUE RYTHMIQUE AIX EN PROVENCE,,1.6,2.3,6.433,5.966,0.6,15.699,-0.467,-4.667
Nationale C 12-13 ans GR,cerceau,8,GARNIER CUNAT,Nayana,UNION GYMNIQUE DU CANTON DES SOLLIES,,1.3,1.0,5.933,6.966,0.0,15.199,-0.5,-5.167
Nationale C 12-13 ans GR,cerceau,9,LAUNAIRE,Cléo,UNION GYMNIQUE DU CANTON DES SOLLIES,,1.2,1.4,5.966,6.466,0.0,15.032,-0.167,-5.334
Nationale C 12-13 ans GR,cerceau,10,BOLLE,Calliste,UNION GYMNIQUE DU CANTON DES SOLLIES,,1.2,1.2,5.666,6.666,0.0,14.732,-0.3,-5.634
Nationale C 12-13 ans GR,cerceau,11,LECOSSE,Manon,GYMNASTIQUE RYTHMIQUE AIX EN PROVENCE,,1.8,1.3,5.033,5.8,0.9,13.033,-1.699,-7.333
Category,Engin,Rang,Nom,Prenom,Club,SCMS,DB,DA,A,EXE,Pen,Total,Diff total,Diff total cumul
Nationale 11 ans GR,mains libres,1,LAURON,Apolline,GR COTE D'AZUR,,6.0,,8.033,8.166,0.0,22.199,-19.333,-19.333
Nationale 11 ans GR,mains libres,2,DE-AQUINO,Kiara,STADE LAURENTIN GRS,,4.4,,8.9,7.933,0.0,21.233,-20.299,-20.299
Nationale 11 ans GR,mains libres,3,USTINOV,Eva,GR COTE D'AZUR,,4.0,,8.0,8.066,0.0,20.066,-20.633,-21.466
Nationale 11 ans GR,mains libres,4,PREDALI,Emma,SAINT PAUL LA COLLE OMNISPORTS CLUB GYMNASTIQUE RYTHMIQUE,,5.0,,7.333,8.566,0.0,20.899,-19.5,-20.633
Nationale 11 ans GR,mains libres,5,KOLGANOVA,Evangelina,MONACO GYMNASTIQUE RYTHMIQUE,,4.0,,7.8,8.833,0.0,20.633,-18.532,-20.899
Nationale 11 ans GR,mains libres,6,FEDAY,Yeva,MONACO GYMNASTIQUE RYTHMIQUE,,4.9,,6.866,8.166,0.0,19.932,-19.101,-21.6
Nationale 11 ans GR,mains libres,7,JALET,Vicky,SAINT PAUL LA COLLE OMNISPORTS CLUB GYMNASTIQUE RYTHMIQUE,,4.3,,6.233,7.366,0.0,17.899,-20.065,-23.633
Nationale 11 ans GR,mains libres,1,DISSARD,Naomi,GYMNASTIQUE RYTHMIQUE AIX EN PROVENCE,,3.6,,6.766,7.566,0.0,17.932,-18.699,-23.6
Nationale 11 ans GR,mains libres,2,CHELMINIAK COQUET,Manon,SOCIETE CULTURELLE ET OMNISPORTS DE SAINTE-MARGUERITE,,4.0,,7.233,8.066,0.0,19.299,-16.232,-22.233
Nationale 11 ans GR,mains libres,3,CELESTIN,Ciana,GYM RYTHMIQUE CLUB SALON GRANS,,3.6,,7.2,7.3,0.0,18.1,-16.965,-23.432
Nationale 11 ans GR,mains libres,4,MASSON,Léna,ISTRES GYMNASTIQUE RYTHMIQUE,,4.0,,7.8,7.533,0.0,19.333,-15.666,-22.199
Nationale 11 ans GR,mains libres,5,CHAPUIS,Deimanté,GYMNASTIQUE RYTHMIQUE AIX EN PROVENCE,,3.9,,8.533,7.866,0.0,20.299,-14.2,-21.233
Nationale 11 ans GR,mains libres,6,ROUX,Jade,ISTRES GYMNASTIQUE RYTHMIQUE,,2.1,,7.633,7.666,0.0,17.399,-16.833,-24.133
Nationale 11 ans GR,mains libres,8,MARIANI,Roxanne,SAINT PAUL LA COLLE OMNISPORTS CLUB GYMNASTIQUE RYTHMIQUE,,4.1,,7.533,7.433,0.0,19.066,-14.233,-22.466
Nationale 11 ans GR,mains libres,9,MONDIOT,Louane,STADE LAURENTIN GRS,,2.9,,6.8,7.766,0.0,17.466,-15.733,-24.066
Nationale 11 ans GR,mains libres,7,LANCELIN,Emmie,UNION GYMNIQUE DU CANTON DES SOLLIES,,2.9,,7.566,7.333,0.0,17.799,-14.466,-23.733
Nationale 11 ans GR,mains libres,8,GOSSET DROZDZOWSKI,Thalie,GYMNASTIQUE RYTHMIQUE AIX EN PROVENCE,,2.6,,7.0,6.633,0.0,16.233,-14.999,-25.299
Nationale 11 ans GR,cerceau,1,LAURON,Apolline,GR COTE D'AZUR,,4.0,2.2,7.533,5.6,0.0,19.333,-22.199,-22.199
Nationale 11 ans GR,cerceau,2,DE-AQUINO,Kiara,STADE LAURENTIN GRS,,1.9,2.6,7.766,7.2,0.0,19.466,-22.066,-22.066
Nationale 11 ans GR,cerceau,3,USTINOV,Eva,GR COTE D'AZUR,,2.3,3.3,8.0,6.733,0.0,20.333,-20.366,-21.199
Nationale 11 ans GR,cerceau,4,PREDALI,Emma,SAINT PAUL LA COLLE OMNISPORTS CLUB GYMNASTIQUE RYTHMIQUE,,2.8,1.8,7.433,6.233,0.0,18.266,-22.133,-23.266
Nationale 11 ans GR,cerceau,5,KOLGANOVA,Evangelina,MONACO GYMNASTIQUE RYTHMIQUE,,1.9,2.2,7.1,7.2,0.0,18.4,-20.765,-23.132
Nationale 11 ans GR,cerceau,6,FEDAY,Yeva,MONACO GYMNASTIQUE RYTHMIQUE,,3.1,2.1,7.066,5.766,0.0,18.032,-21.001,-23.5
Nationale 11 ans GR,cerceau,7,JALET,Vicky,SAINT PAUL LA COLLE OMNISPORTS CLUB GYMNASTIQUE RYTHMIQUE,,2.8,2.4,7.166,6.366,0.0,18.732,-19.232,-22.8
Nationale 11 ans GR,cerceau,1,DISSARD,Naomi,GYMNASTIQUE RYTHMIQUE AIX EN PROVENCE,,2.1,2.0,6.033,7.466,0.0,17.599,-19.032,-23.933
Nationale 11 ans GR,cerceau,2,CHELMINIAK COQUET,Manon,SOCIETE CULTURELLE ET OMNISPORTS DE SAINTE-MARGUERITE,,2.2,1.2,7.566,4.8,0.0,15.766,-19.765,-25.766
Nationale 11 ans GR,cerceau,3,CELESTIN,Ciana,GYM RYTHMIQUE CLUB SALON GRANS,,0.5,2.2,7.533,6.666,0.0,16.899,-18.166,-24.633
Nationale 11 ans GR,cerceau,4,MASSON,Léna,ISTRES GYMNASTIQUE RYTHMIQUE,,1.6,1.2,7.133,5.233,0.0,15.166,-19.833,-26.366
Nationale 11 ans GR,cerceau,5,CHAPUIS,Deimanté,GYMNASTIQUE RYTHMIQUE AIX EN PROVENCE,,1.7,0.8,7.133,4.3,0.0,13.933,-20.566,-27.599
Nationale 11 ans GR,cerceau,6,ROUX,Jade,ISTRES GYMNASTIQUE RYTHMIQUE,,1.6,1.8,7.1,5.4,0.0,15.9,-18.332,-25.632
Nationale 11 ans GR,cerceau,8,MARIANI,Roxanne,SAINT PAUL LA COLLE OMNISPORTS CLUB GYMNASTIQUE RYTHMIQUE,,1.1,1.5,6.633,4.9,0.0,14.133,-19.166,-27.399
Nationale 11 ans GR,cerceau,9,MONDIOT,Louane,STADE LAURENTIN GRS,,1.7,1.6,6.266,5.233,0.0,14.799,-18.4,-26.733
Nationale 11 ans GR,cerceau,7,LANCELIN,Emmie,UNION GYMNIQUE DU CANTON DES SOLLIES,,1.3,1.1,6.433,5.2,0.6,13.433,-18.832,-28.099
Nationale 11 ans GR,cerceau,8,GOSSET DROZDZOWSKI,Thalie,GYMNASTIQUE RYTHMIQUE AIX EN PROVENCE,,1.0,1.7,6.366,3.9,0.0,12.966,-18.266,-28.566
Category,Engin,Rang,Nom,Prenom,Club,SCMS,DB,DA,A,EXE,Pen,Total,Diff total,Diff total cumul
Regionale 16-17 ans GR,engin libre,1,GHANNAY,Narjes,GYMNASTIQUE RYTHMIQUE FREJUS,,0.2,2.0,7.933,7.466,0.0,17.599,0.0,0.0
Regionale 16-17 ans GR,engin libre,2,BRIGNOLLES,Mathilde,GYMNASTIQUE RYTHMIQUE AIX EN PROVENCE,,0.6,0.6,7.8,7.666,0.0,16.666,-0.933,-0.933
Regionale 16-17 ans GR,engin libre,3,SIMON VESPERINI,Lou,GYMNASTIQUE RYTHMIQUE FREJUS,,0.8,1.5,6.966,7.0,0.0,16.266,-0.4,-1.333
Regionale 16-17 ans GR,engin libre,4,CHEVALIER,Cyanne,CLUB OMNISPORTS BANDOL SECTION GR,,0.3,0.6,8.0,6.6,0.0,15.5,-0.766,-2.099
Regionale 16-17 ans GR,engin libre,5,PELLEGRINO,Julia,GYMNASTIQUE RYTHMIQUE FREJUS,,0.0,1.7,6.7,6.533,0.6,14.333,-1.167,-3.266
Regionale 16-17 ans GR,engin libre,6,PASQUIER,Noélie,CLUB OMNISPORTS BANDOL SECTION GR,,0.0,0.3,7.5,6.266,0.0,14.066,-0.267,-3.533
Regionale 16-17 ans GR,engin libre,7,DA CUNHA,Eden,GYMNASTIQUE RYTHMIQUE FREJUS,,0.5,0.8,6.333,6.4,0.0,14.033,-0.033,-3.566
Regionale 16-17 ans GR,engin libre,8,FORT,Chiara,GYMNASTIQUE RYTHMIQUE FREJUS,,0.3,0.7,6.2,6.333,0.0,13.533,-0.5,-4.066
Category,Engin,Rang,Nom,Prenom,Club,SCMS,DB,DA,A,EXE,Pen,Total,Diff total,Diff total cumul
Nationale A 18 ans et plus GR,engin libre,1,GARELLO,Marta,MONACO GYMNASTIQUE RYTHMIQUE,,5.3,3.9,7.466,7.633,0.0,24.299,-28.099,-28.099
Nationale A 18 ans et plus GR,engin libre,1,AUVARO,Ilona,UNION GYMNIQUE DU CANTON DES SOLLIES,,6.0,2.8,8.9,8.2,0.0,25.9,-26.498,-26.498
Nationale A 18 ans et plus GR,engin libre,2,COMINO,Elsa,GYMNASTIQUE RYTHMIQUE AIX EN PROVENCE,,4.8,2.6,8.0,6.833,0.0,22.233,-23.766,-30.165
Nationale A 18 ans et plus GR,engin libre,3,DUPONT,Candice,UNION GYMNIQUE DU CANTON DES SOLLIES,,3.2,3.4,7.9,4.033,0.0,18.533,-24.499,-33.865
Nationale A 18 ans et plus GR,cerceau,1,GARELLO,Marta,MONACO GYMNASTIQUE RYTHMIQUE,,6.3,4.9,8.866,8.033,0.0,28.099,-24.299,-24.299
Nationale A 18 ans et plus GR,cerceau,1,AUVARO,Ilona,UNION GYMNIQUE DU CANTON DES SOLLIES,,4.4,1.9,7.566,6.233,0.0,20.099,-32.299,-32.299
Nationale A 18 ans et plus GR,cerceau,2,COMINO,Elsa,GYMNASTIQUE RYTHMIQUE AIX EN PROVENCE,,5.7,1.8,6.433,6.866,0.0,20.799,-25.2,-31.599
Nationale A 18 ans et plus GR,cerceau,3,DUPONT,Candice,UNION GYMNIQUE DU CANTON DES SOLLIES,,3.2,2.5,7.133,6.0,0.6,18.233,-24.799,-34.165
Category,Engin,Rang,Nom,Prenom,Club,SCMS,DB,DA,A,EXE,Pen,Total,Diff total,Diff total cumul
Nationale C 14-15 ans GR,massues,1,LECRU,Camille,GYMNASTIQUE RYTHMIQUE AIX EN PROVENCE,,2.7,3.3,7.166,7.9,0.0,21.066,0.0,0.0
Nationale C 14-15 ans GR,massues,2,DE REYNAL DE SAINT MICHEL,Victoria,GYMNASTIQUE RYTHMIQUE AIX EN PROVENCE,,2.6,3.5,7.3,7.166,0.0,20.566,-0.5,-0.5
Nationale C 14-15 ans GR,massues,1,CIBARD,Clothilde,STADE LAURENTIN GRS,,2.0,3.5,7.333,7.0,0.0,19.833,-0.733,-1.233
Nationale C 14-15 ans GR,massues,3,ROSSI—PETITCLERC,Ambre,GYM RYTHMIQUE CLUB SALON GRANS,,2.1,2.7,7.333,7.033,0.0,19.166,-0.667,-1.9
Nationale C 14-15 ans GR,massues,4,IVANOV,Sophiya,SOCIETE CULTURELLE ET OMNISPORTS DE SAINTE-MARGUERITE,,2.2,3.1,6.833,7.566,0.6,19.099,-0.067,-1.967
Nationale C 14-15 ans GR,massues,5,ELONDO EPOK,Arielle,ISTRES GYMNASTIQUE RYTHMIQUE,,1.7,1.8,7.5,8.066,0.0,19.066,-0.033,-2.0
Nationale C 14-15 ans GR,massues,6,MEAUME,Heloïse,GYMNASTIQUE RYTHMIQUE AIX EN PROVENCE,,2.8,2.6,6.0,6.866,0.0,18.266,-0.8,-2.8
Nationale C 14-15 ans GR,massues,7,KIRSCH,Lily rose,GYM 2000 LA FARLEDE,,1.6,2.1,6.033,8.4,0.0,18.133,-0.133,-2.933
Nationale C 14-15 ans GR,massues,8,MARTIN,Lola,SPORTS LOISIRS ET CULTURE DE MARTIGUES GYMNASTIQUE RYTHMIQUE,,2.8,1.7,6.466,6.866,0.0,17.832,-0.301,-3.234
Nationale C 14-15 ans GR,massues,9,ZOUGGART,Janelle,GYM RYTHMIQUE CLUB SALON GRANS,,1.8,2.2,6.466,7.2,0.0,17.666,-0.166,-3.4
Nationale C 14-15 ans GR,massues,10,HURTADO,Anna,GYM RYTHMIQUE CLUB SALON GRANS,,2.1,1.8,6.666,7.066,0.0,17.632,-0.034,-3.434
Nationale C 14-15 ans GR,massues,11,THUREAU,Chloé,SOCIETE CULTURELLE ET OMNISPORTS DE SAINTE-MARGUERITE,,1.7,1.8,6.966,7.033,0.0,17.499,-0.133,-3.567
Nationale C 14-15 ans GR,massues,12,RIPOCHE,Anaïs,SOCIETE CULTURELLE ET OMNISPORTS DE SAINTE-MARGUERITE,,2.0,1.7,7.233,6.333,0.0,17.266,-0.233,-3.8
Nationale C 14-15 ans GR,massues,13,GIGLI,Elea,AS COGOLIN GR,,1.6,2.4,5.966,7.133,0.0,17.099,-0.167,-3.967
Nationale C 14-15 ans GR,massues,14,LASSALE,Maéva,UNION GYMNIQUE DU CANTON DES SOLLIES,,1.8,1.8,5.933,6.933,0.0,16.466,-0.633,-4.6
Nationale C 14-15 ans GR,massues,15,BORGET,Julia,CLUB GYMNIQUE DE BONNEVEINE MARSEILLE,,1.0,1.7,6.7,6.933,0.0,16.333,-0.133,-4.733
Nationale C 14-15 ans GR,massues,16,CHANIOLLEAU,Eléa,UNION GYMNIQUE DU CANTON DES SOLLIES,,1.2,2.1,6.033,6.933,0.0,16.266,-0.067,-4.8
Nationale C 14-15 ans GR,massues,17,PEREIRA DE SOUSA,Candice,UNION GYMNIQUE DU CANTON DES SOLLIES,,1.7,1.7,6.0,6.833,0.0,16.233,-0.033,-4.833
Nationale C 14-15 ans GR,massues,2,HAMMY,Eva,SPORTING CLUB MOUANS SARTOUX GYMNASTIQUE RYTHMIQUE,x,1.8,0.8,6.3,4.733,0.3,13.333,-2.9,-7.733
Nationale C 14-15 ans GR,massues,18,ZHEHALAVA,Safina,GYM 2000 LA FARLEDE,,1.2,0.8,4.7,6.3,0.0,13.0,-0.333,-8.066
Nationale C 14-15 ans GR,massues,3,NIZHARADZE,Sofiya,ASSOCIATION INTERCOMMUNALE SPORTIVE ET ARTISTIQUE GR Côte d'Azur,,1.7,0.3,5.866,5.366,0.3,12.932,-0.068,-8.134
Category,Engin,Rang,Nom,Prenom,Club,SCMS,DB,DA,A,EXE,Pen,Total,Diff total,Diff total cumul
Nationale B 14-15 ans GR,cerceau,1,WATTS,Sarah,ASSOCIATION INTERCOMMUNALE SPORTIVE ET ARTISTIQUE GR Côte d'Azur,,3.2,2.2,8.0,8.0,0.0,21.4,-20.232,-20.232
Nationale B 14-15 ans GR,cerceau,1,BRAYDA,Ambre,UNION GYMNIQUE DU CANTON DES SOLLIES,,3.7,3.1,8.2,7.633,0.0,22.633,-18.999,-18.999
Nationale B 14-15 ans GR,cerceau,2,POKRYVKA,Mariia,STADE LAURENTIN GRS,,3.6,2.6,5.866,7.333,0.0,19.399,-22.233,-22.233
Nationale B 14-15 ans GR,cerceau,2,MANTICELLO,Luna,SOCIETE CULTURELLE ET OMNISPORTS DE SAINTE-MARGUERITE,,1.5,4.4,7.6,7.833,0.0,21.333,-18.566,-20.299
Nationale B 14-15 ans GR,cerceau,3,HUA,Julia,SPORTS LOISIRS ET CULTURE DE MARTIGUES GYMNASTIQUE RYTHMIQUE,,3.4,3.1,7.6,7.433,0.0,21.533,-16.932,-20.099
Nationale B 14-15 ans GR,cerceau,4,CROVETTI,Camille,GYM 2000 LA FARLEDE,,4.0,2.3,7.466,7.933,0.0,21.699,-16.133,-19.933
Nationale B 14-15 ans GR,cerceau,5,DUCEL,Lucie,GYMNASTIQUE RYTHMIQUE AIX EN PROVENCE,,3.4,2.0,7.366,7.266,0.0,20.032,-17.799,-21.6
Nationale B 14-15 ans GR,cerceau,6,GILLET,Lénaïs,ISTRES GYMNASTIQUE RYTHMIQUE,,2.5,2.4,8.266,6.533,0.0,19.699,-17.699,-21.933
Nationale B 14-15 ans GR,cerceau,3,MOROZ,ECATERINA,ASPTT NICE GR,,2.8,3.1,7.0,7.1,0.3,19.7,-16.599,-21.932
Nationale B 14-15 ans GR,cerceau,7,BRIGNOLLES,Louise,GYMNASTIQUE RYTHMIQUE AIX EN PROVENCE,,2.2,1.6,6.1,7.1,0.0,17.0,-18.333,-24.632
Nationale B 14-15 ans GR,cerceau,4,EPAILLY,Camille,ASSOCIATION INTERCOMMUNALE SPORTIVE ET ARTISTIQUE GR Côte d'Azur,,4.1,2.3,5.3,7.766,0.0,19.466,-15.433,-22.166
Nationale B 14-15 ans GR,cerceau,5,MARRADI,Charline,MONACO GYMNASTIQUE RYTHMIQUE,,2.5,1.4,6.4,6.766,0.0,17.066,-17.399,-24.566
Nationale B 14-15 ans GR,cerceau,6,AL KASSEM,Lyne,GR COTE D'AZUR,,3.0,1.7,5.533,5.6,0.6,15.233,-18.132,-26.399
Nationale B 14-15 ans GR,cerceau,8,DELOUSTAL,Mélina,UNION GYMNIQUE DU CANTON DES SOLLIES,,2.2,1.7,5.866,5.4,0.0,15.166,-18.0,-26.466
Nationale B 14-15 ans GR,cerceau,9,VILLE,Elise,CLUB GYMNIQUE DE BONNEVEINE MARSEILLE,,2.6,2.9,5.0,6.866,0.0,17.366,-15.332,-24.266
Nationale B 14-15 ans GR,cerceau,7,CIOBAN,Stanislava,ASPTT NICE GR,,1.6,3.2,6.3,7.333,0.0,18.433,-13.766,-23.199
Nationale B 14-15 ans GR,ballon,1,WATTS,Sarah,ASSOCIATION INTERCOMMUNALE SPORTIVE ET ARTISTIQUE GR Côte d'Azur,,2.7,2.8,7.466,7.266,0.0,20.232,-21.4,-21.4
Nationale B 14-15 ans GR,ballon,1,BRAYDA,Ambre,UNION GYMNIQUE DU CANTON DES SOLLIES,,3.5,1.6,7.433,6.766,0.3,18.999,-22.633,-22.633
Nationale B 14-15 ans GR,ballon,2,POKRYVKA,Mariia,STADE LAURENTIN GRS,,3.8,3.3,7.2,6.2,0.0,20.5,-21.132,-21.132
Nationale B 14-15 ans GR,ballon,2,MANTICELLO,Luna,SOCIETE CULTURELLE ET OMNISPORTS DE SAINTE-MARGUERITE,,3.1,1.2,6.866,5.966,0.0,17.132,-22.767,-24.5
Nationale B 14-15 ans GR,ballon,3,HUA,Julia,SPORTS LOISIRS ET CULTURE DE MARTIGUES GYMNASTIQUE RYTHMIQUE,,3.3,0.9,7.366,5.033,0.3,16.299,-22.166,-25.333
Nationale B 14-15 ans GR,ballon,4,CROVETTI,Camille,GYM 2000 LA FARLEDE,,2.5,0.8,7.466,5.366,0.0,16.132,-21.7,-25.5
Nationale B 14-15 ans GR,ballon,5,DUCEL,Lucie,GYMNASTIQUE RYTHMIQUE AIX EN PROVENCE,,3.0,1.7,7.466,5.2,0.0,17.366,-20.465,-24.266
Nationale B 14-15 ans GR,ballon,6,GILLET,Lénaïs,ISTRES GYMNASTIQUE RYTHMIQUE,,2.4,0.3,7.5,6.4,0.0,16.6,-20.798,-25.032
Nationale B 14-15 ans GR,ballon,3,MOROZ,ECATERINA,ASPTT NICE GR,,2.4,1.3,6.633,5.3,0.0,15.633,-20.666,-25.999
Nationale B 14-15 ans GR,ballon,7,BRIGNOLLES,Louise,GYMNASTIQUE RYTHMIQUE AIX EN PROVENCE,,4.0,0.4,6.833,6.666,0.0,17.899,-17.434,-23.733
Nationale B 14-15 ans GR,ballon,4,EPAILLY,Camille,ASSOCIATION INTERCOMMUNALE SPORTIVE ET ARTISTIQUE GR Côte d'Azur,,2.8,1.7,5.666,5.133,0.3,14.999,-19.9,-26.633
Nationale B 14-15 ans GR,ballon,5,MARRADI,Charline,MONACO GYMNASTIQUE RYTHMIQUE,,2.8,1.6,7.233,5.266,0.6,16.299,-18.166,-25.333
Nationale B 14-15 ans GR,ballon,6,AL KASSEM,Lyne,GR COTE D'AZUR,,2.8,2.3,6.9,5.933,0.0,17.933,-15.432,-23.699
Nationale B 14-15 ans GR,ballon,8,DELOUSTAL,Mélina,UNION GYMNIQUE DU CANTON DES SOLLIES,,3.3,1.3,6.666,6.266,0.0,17.532,-15.634,-24.1
Nationale B 14-15 ans GR,ballon,9,VILLE,Elise,CLUB GYMNIQUE DE BONNEVEINE MARSEILLE,,2.0,0.9,6.2,5.733,0.0,14.833,-17.865,-26.799
Nationale B 14-15 ans GR,ballon,7,CIOBAN,Stanislava,ASPTT NICE GR,,2.1,1.3,2.4,4.5,0.0,10.3,-21.899,-31.332
Category,Engin,Rang,Nom,Prenom,Club,SCMS,DB,DA,A,EXE,Pen,Total,Diff total,Diff total cumul
Nationale C 16-17 ans GR,ruban,1,ILGART,Iseult,SOCIETE CULTURELLE ET OMNISPORTS DE SAINTE-MARGUERITE,,2.6,2.7,8.166,7.5,0.0,20.966,0.0,0.0
Nationale C 16-17 ans GR,ruban,2,ROUBY,Juliette,GYMNASTIQUE RYTHMIQUE AIX EN PROVENCE,,1.8,2.2,8.366,7.066,0.0,19.432,-1.534,-1.534
Nationale C 16-17 ans GR,ruban,3,LANAPATS,Lyséa,GYM 2000 LA FARLEDE,,2.3,1.8,8.633,6.233,0.0,18.966,-0.466,-2.0
Nationale C 16-17 ans GR,ruban,3,FEKAIRI,Feryel,ISTRES GYMNASTIQUE RYTHMIQUE,,1.8,1.6,8.8,6.766,0.0,18.966,0.0,-2.0
Nationale C 16-17 ans GR,ruban,1,LAVIGNE,Elynn,SPORTING CLUB MOUANS SARTOUX GYMNASTIQUE RYTHMIQUE,x,2.0,1.6,7.8,5.7,0.0,17.1,-1.866,-3.866
Nationale C 16-17 ans GR,ruban,2,LEDUC,Oceane,SAINT PAUL LA COLLE OMNISPORTS CLUB GYMNASTIQUE RYTHMIQUE,,1.1,1.3,8.066,5.5,0.0,15.966,-1.134,-5.0
Category,Engin,Rang,Nom,Prenom,Club,SCMS,DB,DA,A,EXE,Pen,Total,Diff total,Diff total cumul
Nationale B 16-17 ans GR,ruban,1,DUVAL,Maëline,UNION GYMNIQUE DU CANTON DES SOLLIES,,3.6,2.7,8.633,7.3,0.0,22.233,-23.433,-23.433
Nationale B 16-17 ans GR,ruban,2,POULAIN,Manon,GYMNASTIQUE RYTHMIQUE AIX EN PROVENCE,,3.3,2.4,6.766,6.433,0.0,18.899,-26.767,-26.767
Nationale B 16-17 ans GR,ruban,3,FABRE,Léna,CLUB GYMNIQUE DE BONNEVEINE MARSEILLE,,2.8,3.3,7.966,6.7,0.0,20.766,-18.399,-24.9
Nationale B 16-17 ans GR,ruban,4,MEIGNEUX,Maïly,LA DRACENOISE GR,,2.6,1.9,7.2,6.766,0.0,18.466,-19.532,-27.2
Nationale B 16-17 ans GR,ruban,1,DARRIGADE,Fanny,SPORTING CLUB MOUANS SARTOUX GYMNASTIQUE RYTHMIQUE,x,2.8,2.3,6.5,6.466,0.0,18.066,-19.4,-27.6
Nationale B 16-17 ans GR,ruban,5,MALESINSKI,Erell,GYMNASTIQUE RYTHMIQUE AIX EN PROVENCE,,3.5,3.4,5.233,6.466,0.0,18.599,-18.267,-27.067
Nationale B 16-17 ans GR,ruban,6,IMBERT,Lilou,STADE MARSEILLAIS UNIVERSITE CLUB,,2.0,1.9,5.933,6.066,0.0,15.899,-20.066,-29.767
Nationale B 16-17 ans GR,ruban,7,CHAMBELLAND,Margaux,GYM 2000 LA FARLEDE,,4.4,2.2,5.433,6.6,0.0,18.633,-15.799,-27.033
Nationale B 16-17 ans GR,ruban,2,LORENZELLI,Lorine,ASSOCIATION INTERCOMMUNALE SPORTIVE ET ARTISTIQUE GR Côte d'Azur,,3.1,2.7,5.266,6.633,0.0,17.699,-16.633,-27.967
Nationale B 16-17 ans GR,ruban,3,DEVILLE,Juliette,ASSOCIATION INTERCOMMUNALE SPORTIVE ET ARTISTIQUE GR Côte d'Azur,,2.6,1.6,4.466,5.633,0.0,14.299,-19.632,-31.367
Nationale B 16-17 ans GR,ruban,8,FOYER,Maëline,GYM RYTHMIC VITROLLES,,3.7,1.7,8.0,5.833,0.0,19.233,-13.166,-26.433
Nationale B 16-17 ans GR,massues,1,DUVAL,Maëline,UNION GYMNIQUE DU CANTON DES SOLLIES,,3.9,3.7,8.0,7.833,0.0,23.433,-22.233,-22.233
Nationale B 16-17 ans GR,massues,2,POULAIN,Manon,GYMNASTIQUE RYTHMIQUE AIX EN PROVENCE,,4.1,2.4,7.333,6.433,0.0,20.266,-25.4,-25.4
Nationale B 16-17 ans GR,massues,3,FABRE,Léna,CLUB GYMNIQUE DE BONNEVEINE MARSEILLE,,2.3,1.8,6.766,6.366,0.0,17.232,-21.933,-28.434
Nationale B 16-17 ans GR,massues,4,MEIGNEUX,Maïly,LA DRACENOISE GR,,2.9,1.4,6.7,8.0,0.0,19.0,-18.998,-26.666
Nationale B 16-17 ans GR,massues,1,DARRIGADE,Fanny,SPORTING CLUB MOUANS SARTOUX GYMNASTIQUE RYTHMIQUE,x,2.7,2.4,7.4,6.9,0.6,18.8,-18.666,-26.866
Nationale B 16-17 ans GR,massues,5,MALESINSKI,Erell,GYMNASTIQUE RYTHMIQUE AIX EN PROVENCE,,3.3,1.7,6.1,6.266,0.0,17.366,-19.5,-28.3
Nationale B 16-17 ans GR,massues,6,IMBERT,Lilou,STADE MARSEILLAIS UNIVERSITE CLUB,,2.9,2.2,7.033,6.4,0.0,18.533,-17.432,-27.133
Nationale B 16-17 ans GR,massues,7,CHAMBELLAND,Margaux,GYM 2000 LA FARLEDE,,2.7,1.7,4.633,6.666,0.0,15.699,-18.733,-29.967
Nationale B 16-17 ans GR,massues,2,LORENZELLI,Lorine,ASSOCIATION INTERCOMMUNALE SPORTIVE ET ARTISTIQUE GR Côte d'Azur,,3.2,1.2,5.966,5.866,0.0,16.232,-18.1,-29.434
Nationale B 16-17 ans GR,massues,3,DEVILLE,Juliette,ASSOCIATION INTERCOMMUNALE SPORTIVE ET ARTISTIQUE GR Côte d'Azur,,3.2,1.9,7.5,5.5,0.0,18.1,-15.831,-27.566
Nationale B 16-17 ans GR,massues,8,FOYER,Maëline,GYM RYTHMIC VITROLLES,,1.6,0.6,7.1,2.666,0.0,11.966,-20.433,-33.7
Category,Engin,Rang,Nom,Prenom,Club,SCMS,DB,DA,A,EXE,Pen,Total,Diff total,Diff total cumul
Nationale A 12-13 ans GR,ballon,1,LARCAN,Lisa,GR COTE D'AZUR,,4.0,2.9,5.3,7.266,0.0,19.466,-19.2,-19.2
Nationale A 12-13 ans GR,ballon,1,CHAMBELLAND,Naïs,GYM 2000 LA FARLEDE,,3.6,1.7,6.933,8.2,0.0,20.433,-18.233,-18.233
Nationale A 12-13 ans GR,ballon,2,GALFRE,Louise-mina,GR COTE D'AZUR,,3.1,1.6,5.4,5.366,0.0,15.466,-20.266,-23.2
Nationale A 12-13 ans GR,ballon,3,TUTUNARU,Anastasia,ASPTT NICE GR,,2.3,2.2,3.333,6.3,0.0,14.133,-19.433,-24.533
Nationale A 12-13 ans GR,cerceau,1,LARCAN,Lisa,GR COTE D'AZUR,,3.9,2.4,7.1,6.1,0.3,19.2,-19.466,-19.466
Nationale A 12-13 ans GR,cerceau,1,CHAMBELLAND,Naïs,GYM 2000 LA FARLEDE,,3.3,0.6,5.866,5.833,0.3,15.299,-23.367,-23.367
Nationale A 12-13 ans GR,cerceau,2,GALFRE,Louise-mina,GR COTE D'AZUR,,4.1,1.2,5.6,7.2,0.0,18.1,-17.632,-20.566
Nationale A 12-13 ans GR,cerceau,3,TUTUNARU,Anastasia,ASPTT NICE GR,,3.0,3.0,4.733,7.233,0.0,17.966,-15.6,-20.7
Category,Engin,Rang,Nom,Prenom,Club,SCMS,DB,DA,A,EXE,Pen,Total,Diff total,Diff total cumul
REGIONALE 8 ANS GR,mains libres,1,ZHARKO,Uliana,ASPTT NICE GR,,2.3,,6.1,6.1,0.0,14.5,0.0,0.0
REGIONALE 8 ANS GR,mains libres,2,MACCIOTTA,Calliope,STADE LAURENTIN GRS,,2.2,,5.5,6.3,0.0,14.0,-0.5,-0.5
REGIONALE 8 ANS GR,mains libres,3,POURCEL,Karen,STADE LAURENTIN GRS,,1.5,,6.033,6.1,0.0,13.633,-0.367,-0.867
REGIONALE 8 ANS GR,mains libres,1,TOMAS,Emma,UNION GYMNIQUE DU CANTON DES SOLLIES,,1.6,,5.833,5.8,0.0,13.233,-0.4,-1.267
REGIONALE 8 ANS GR,mains libres,4,ROGACHEVA,Angelina,SAINT PAUL LA COLLE OMNISPORTS CLUB GYMNASTIQUE RYTHMIQUE,,1.7,,5.066,4.766,0.0,11.532,-1.701,-2.968
REGIONALE 8 ANS GR,mains libres,5,LOMBARDI,Nina,SAINT PAUL LA COLLE OMNISPORTS CLUB GYMNASTIQUE RYTHMIQUE,,1.3,,3.466,5.7,0.0,10.466,-1.066,-4.034
Category,Engin,Rang,Nom,Prenom,Club,SCMS,DB,DA,A,EXE,Pen,Total,Diff total,Diff total cumul
Nationale B 12-13 ans GR,mains libres,1,BERTRAND-VALLAURI,Mahé,GYM RYTHMIQUE CLUB SALON GRANS,,2.9,,9.2,7.533,0.0,19.633,-20.466,-20.466
Nationale B 12-13 ans GR,mains libres,1,HULLIN,Emma,STADE LAURENTIN GRS,,4.0,,9.233,8.433,0.0,21.666,-18.433,-18.433
Nationale B 12-13 ans GR,mains libres,2,MARLOT,Lina,ISTRES GYMNASTIQUE RYTHMIQUE,,3.3,,8.933,7.6,0.0,19.833,-18.932,-20.266
Nationale B 12-13 ans GR,mains libres,2,MANGIONE,Leena,GR COTE D'AZUR,,3.8,,7.766,8.133,0.0,19.699,-18.8,-20.4
Nationale B 12-13 ans GR,mains libres,3,HEMACHE,Sherine,GR COTE D'AZUR,,2.9,,8.7,7.966,0.0,19.566,-18.299,-20.533
Nationale B 12-13 ans GR,mains libres,3,FOURCIN,Tess,SPORTS LOISIRS ET CULTURE DE MARTIGUES GYMNASTIQUE RYTHMIQUE,,3.5,,9.3,7.833,0.0,20.633,-16.766,-19.466
Nationale B 12-13 ans GR,mains libres,4,VINCENT,Louna,ASSOCIATION INTERCOMMUNALE SPORTIVE ET ARTISTIQUE GR Côte d'Azur,,3.6,,7.9,8.133,0.0,19.633,-16.733,-20.466
Nationale B 12-13 ans GR,mains libres,4,PELOURSON,Talya,SPORTS LOISIRS ET CULTURE DE MARTIGUES GYMNASTIQUE RYTHMIQUE,,3.5,,7.866,7.333,0.0,18.699,-17.267,-21.4
Nationale B 12-13 ans GR,mains libres,5,YEFIMOVA,Kséniya,MONACO GYMNASTIQUE RYTHMIQUE,,2.5,,6.6,8.0,0.0,17.1,-18.598,-22.999
Nationale B 12-13 ans GR,mains libres,5,VERNAY,Elise,GYMNASTIQUE RYTHMIQUE AIX EN PROVENCE,,2.3,,8.766,7.6,0.0,18.666,-16.367,-21.433
Nationale B 12-13 ans GR,mains libres,6,LE NAOUR,Eryn,SPORTS LOISIRS ET CULTURE DE MARTIGUES GYMNASTIQUE RYTHMIQUE,,3.4,,7.8,7.166,0.0,18.366,-16.133,-21.733
Nationale B 12-13 ans GR,mains libres,7,PRIGENT,Camille,UNION GYMNIQUE DU CANTON DES SOLLIES,,2.3,,8.166,8.233,0.0,18.699,-15.666,-21.4
Nationale B 12-13 ans GR,mains libres,8,EMIEUX,Louise,GYMNASTIQUE RYTHMIQUE AIX EN PROVENCE,,2.9,,8.166,7.6,0.0,18.666,-15.366,-21.433
Nationale B 12-13 ans GR,mains libres,9,MANCER,Tiana,GYMNASTIQUE RYTHMIQUE AIX EN PROVENCE,,2.0,,8.033,7.733,0.0,17.766,-15.832,-22.333
Nationale B 12-13 ans GR,mains libres,10,LEON,Estelle,GYM RYTHMIQUE CLUB SALON GRANS,,1.7,,7.066,6.733,0.0,15.499,-17.333,-24.6
Nationale B 12-13 ans GR,mains libres,6,LAHOUD,Ines,MONACO GYMNASTIQUE RYTHMIQUE,,2.4,,5.333,7.366,0.0,15.099,-12.9,-25.0
Nationale B 12-13 ans GR,cerceau,1,BERTRAND-VALLAURI,Mahé,GYM RYTHMIQUE CLUB SALON GRANS,,2.4,2.3,8.266,7.5,0.0,20.466,-19.633,-19.633
Nationale B 12-13 ans GR,cerceau,1,HULLIN,Emma,STADE LAURENTIN GRS,,2.7,2.2,6.366,5.833,0.0,17.099,-23.0,-23.0
Nationale B 12-13 ans GR,cerceau,2,MARLOT,Lina,ISTRES GYMNASTIQUE RYTHMIQUE,,2.2,2.2,7.3,6.966,0.0,18.666,-20.099,-21.433
Nationale B 12-13 ans GR,cerceau,2,MANGIONE,Leena,GR COTE D'AZUR,,2.2,3.0,5.966,7.0,0.0,18.166,-20.333,-21.933
Nationale B 12-13 ans GR,cerceau,3,HEMACHE,Sherine,GR COTE D'AZUR,,2.4,2.8,6.633,6.0,0.0,17.833,-20.032,-22.266
Nationale B 12-13 ans GR,cerceau,3,FOURCIN,Tess,SPORTS LOISIRS ET CULTURE DE MARTIGUES GYMNASTIQUE RYTHMIQUE,,2.4,0.7,6.033,6.6,0.0,15.733,-21.666,-24.366
Nationale B 12-13 ans GR,cerceau,4,VINCENT,Louna,ASSOCIATION INTERCOMMUNALE SPORTIVE ET ARTISTIQUE GR Côte d'Azur,,2.3,0.8,6.933,6.6,0.3,16.333,-20.033,-23.766
Nationale B 12-13 ans GR,cerceau,4,PELOURSON,Talya,SPORTS LOISIRS ET CULTURE DE MARTIGUES GYMNASTIQUE RYTHMIQUE,,2.8,1.8,5.833,6.566,0.0,16.999,-18.967,-23.1
Nationale B 12-13 ans GR,cerceau,5,YEFIMOVA,Kséniya,MONACO GYMNASTIQUE RYTHMIQUE,,1.8,2.2,6.833,7.1,0.0,17.933,-17.765,-22.166
Nationale B 12-13 ans GR,cerceau,5,VERNAY,Elise,GYMNASTIQUE RYTHMIQUE AIX EN PROVENCE,,1.6,1.3,6.5,6.433,0.0,15.833,-19.2,-24.266
Nationale B 12-13 ans GR,cerceau,6,LE NAOUR,Eryn,SPORTS LOISIRS ET CULTURE DE MARTIGUES GYMNASTIQUE RYTHMIQUE,,2.2,2.6,5.333,5.866,0.0,15.999,-18.5,-24.1
Nationale B 12-13 ans GR,cerceau,7,PRIGENT,Camille,UNION GYMNIQUE DU CANTON DES SOLLIES,,1.2,2.7,6.033,5.4,0.0,15.333,-19.032,-24.766
Nationale B 12-13 ans GR,cerceau,8,EMIEUX,Louise,GYMNASTIQUE RYTHMIQUE AIX EN PROVENCE,,1.5,1.5,6.266,5.666,0.0,14.932,-19.1,-25.167
Nationale B 12-13 ans GR,cerceau,9,MANCER,Tiana,GYMNASTIQUE RYTHMIQUE AIX EN PROVENCE,,0.8,1.7,6.366,6.2,0.0,15.066,-18.532,-25.033
Nationale B 12-13 ans GR,cerceau,10,LEON,Estelle,GYM RYTHMIQUE CLUB SALON GRANS,,0.3,1.3,5.2,5.7,0.0,12.5,-20.332,-27.599
Nationale B 12-13 ans GR,cerceau,6,LAHOUD,Ines,MONACO GYMNASTIQUE RYTHMIQUE,,1.8,1.1,4.333,5.033,0.0,12.266,-15.733,-27.833
Category,Engin,Rang,Nom,Prenom,Club,SCMS,DB,DA,A,EXE,Pen,Total,Diff total,Diff total cumul
Nationale C 18 ans et plus GR,ballon,1,GIBARD,Eva,STADE LAURENTIN GRS,,1.9,2.6,9.466,7.633,0.0,21.599,0.0,0.0
Nationale C 18 ans et plus GR,ballon,2,BOURGEOIS,Camille,SPORTING CLUB MOUANS SARTOUX GYMNASTIQUE RYTHMIQUE,x,1.4,2.8,9.1,7.466,0.0,20.766,-0.833,-0.833
Nationale C 18 ans et plus GR,ballon,3,TAULANE,Thelma,STADE LAURENTIN GRS,,2.2,2.6,9.166,6.6,0.0,20.566,-0.2,-1.033
Nationale C 18 ans et plus GR,ballon,1,MIME,Ylona,ISTRES GYMNASTIQUE RYTHMIQUE,,1.6,2.4,9.166,7.2,0.0,20.366,-0.2,-1.233
Nationale C 18 ans et plus GR,ballon,2,PANNEQUIN,Lucile,GYMNASTIQUE RYTHMIQUE AIX EN PROVENCE,,3.2,1.2,7.133,6.833,0.0,18.366,-2.0,-3.233
Nationale C 18 ans et plus GR,ballon,4,GARCIA,Liza,SAINT PAUL LA COLLE OMNISPORTS CLUB GYMNASTIQUE RYTHMIQUE,,1.2,2.3,8.8,5.8,0.0,18.1,-0.266,-3.499
Nationale C 18 ans et plus GR,ballon,5,REFRAIS,Gaelle,SPORTING CLUB MOUANS SARTOUX GYMNASTIQUE RYTHMIQUE,x,1.8,1.4,7.866,6.166,0.0,17.232,-0.868,-4.367
Nationale C 18 ans et plus GR,ballon,3,VITRANT,Louna,CLUB DE GRS ET FUNK JAZZ DE GRIMAUD,,1.5,2.6,8.033,4.966,0.0,17.099,-0.133,-4.5
Nationale C 18 ans et plus GR,ballon,4,LEFEBVRE,Hélèna,A.J.S. LA GARDE GRS,,1.7,1.3,8.0,5.8,0.0,16.8,-0.299,-4.799
Nationale C 18 ans et plus GR,ballon,6,PARDIGON,Lola,SAINT PAUL LA COLLE OMNISPORTS CLUB GYMNASTIQUE RYTHMIQUE,,1.5,1.0,7.766,6.5,0.0,16.766,-0.034,-4.833
Nationale C 18 ans et plus GR,ballon,5,GOUMET,Kim,LA DRACENOISE GR,,2.0,1.2,8.2,4.7,0.0,16.1,-0.666,-5.499
Nationale C 18 ans et plus GR,ballon,7,CLERICALI,Ilona,SPORTING CLUB MOUANS SARTOUX GYMNASTIQUE RYTHMIQUE,x,1.8,1.8,7.333,5.0,0.0,15.933,-0.167,-5.666
Nationale C 18 ans et plus GR,ballon,6,WEISS,Julia,AS COGOLIN GR,,1.4,2.1,6.8,5.166,0.0,15.466,-0.467,-6.133
Nationale C 18 ans et plus GR,ballon,8,WILLEMEZ,Océane,MONACO GYMNASTIQUE RYTHMIQUE,,1.5,1.9,7.133,4.9,0.0,15.433,-0.033,-6.166
Nationale C 18 ans et plus GR,ballon,7,COQUET,Elsa,CLUB OMNISPORTS BANDOL SECTION GR,,0.8,1.5,7.066,5.8,0.0,15.166,-0.267,-6.433
Nationale C 18 ans et plus GR,ballon,8,ROUX-FOUGERE,Melissa,UNION GYMNIQUE DU CANTON DES SOLLIES,,1.6,1.2,7.566,4.7,0.0,15.066,-0.1,-6.533
Nationale C 18 ans et plus GR,ballon,9,BONNION,Margaux,CLUB OMNISPORTS BANDOL SECTION GR,,0.3,1.6,7.0,3.833,0.0,12.733,-2.333,-8.866
Category,Engin,Rang,Nom,Prenom,Club,SCMS,DB,DA,A,EXE,Pen,Total,Diff total,Diff total cumul
Regionale 14-15 ans GR,engin libre,1,VALENTE,Jade,CLUB DE GRS ET FUNK JAZZ DE GRIMAUD,,1.0,0.9,8.066,7.333,0.0,17.299,0.0,0.0
Regionale 14-15 ans GR,engin libre,2,GARCIN,Charlotte,LA DRACENOISE GR,,0.8,1.2,7.1,7.333,0.0,16.433,-0.866,-0.866
Regionale 14-15 ans GR,engin libre,3,JORGE,Clara,CLUB DE GRS ET FUNK JAZZ DE GRIMAUD,,0.6,0.6,7.433,7.533,0.0,16.166,-0.267,-1.133
Regionale 14-15 ans GR,engin libre,4,KHERIBECHE,Kaina,CLUB DE GRS ET FUNK JAZZ DE GRIMAUD,,0.6,1.4,6.5,7.0,0.0,15.5,-0.666,-1.799
Regionale 14-15 ans GR,engin libre,5,DESCHASEAUX,Lysie,CLUB DE GRS ET FUNK JAZZ DE GRIMAUD,,0.6,0.8,6.666,7.4,0.0,15.466,-0.034,-1.833
Regionale 14-15 ans GR,engin libre,6,VITRANT,Emilie,CLUB DE GRS ET FUNK JAZZ DE GRIMAUD,,0.4,0.6,6.8,6.466,0.0,14.266,-1.2,-3.033
Regionale 14-15 ans GR,engin libre,7,TOMMASINI,Lou,CLUB DE GRS ET FUNK JAZZ DE GRIMAUD,,0.3,0.6,7.233,6.1,0.0,14.233,-0.033,-3.066
Regionale 14-15 ans GR,engin libre,8,MONGAULT,Neige,LA DRACENOISE GR,,0.7,0.6,6.733,6.033,0.3,13.766,-0.467,-3.533
Regionale 14-15 ans GR,engin libre,1,CRUVEILLER,Anouk,ENTENTE GYMNIQUE GRAND AVIGNON,,0.6,0.9,4.833,6.666,0.0,12.999,-0.767,-4.3
Regionale 14-15 ans GR,engin libre,9,WUILPART,Ly-lou,GYMNASTIQUE RYTHMIQUE FREJUS,,0.4,0.7,5.4,5.6,0.0,12.1,-0.899,-5.199
Regionale 14-15 ans GR,engin libre,2,ROLLAND,Stella,ENTENTE GYMNIQUE GRAND AVIGNON,,0.5,0.3,4.033,6.4,0.0,11.233,-0.867,-6.066
Regionale 14-15 ans GR,engin libre,3,NGUYEN MARTINON,Pauline,ENTENTE GYMNIQUE GRAND AVIGNON,,0.4,0.8,3.5,5.733,0.0,10.433,-0.8,-6.866
Regionale 14-15 ans GR,engin libre,10,MARSILIJA,Lucie,GYMNASTIQUE RYTHMIQUE FREJUS,,0.5,0.0,4.733,5.166,0.0,10.399,-0.034,-6.9
Regionale 14-15 ans GR,engin libre,11,BAGNO,Lisa,CLUB OMNISPORTS BANDOL SECTION GR,,0.3,0.9,4.066,4.966,0.0,10.232,-0.167,-7.067
Regionale 14-15 ans GR,engin libre,12,HELAUDAIS,Sarah,GYMNASTIQUE RYTHMIQUE FREJUS,,0.4,0.3,4.5,4.966,0.0,10.166,-0.066,-7.133
Regionale 14-15 ans GR,engin libre,13,BAGNO,Manon,CLUB OMNISPORTS BANDOL SECTION GR,,0.3,0.6,3.766,4.666,0.0,9.332,-0.834,-7.967
Category,Engin,Rang,Nom,Prenom,Club,SCMS,DB,DA,A,EXE,Pen,Total,Diff total,Diff total cumul
Nationale C 10-11 ans GR,cerceau,1,AMEDDAH,Nour,STADE LAURENTIN GRS,,1.5,2.2,7.466,7.033,0.0,18.199,0.0,0.0
Nationale C 10-11 ans GR,cerceau,1,PONS ,Thaëlys,ISTRES GYMNASTIQUE RYTHMIQUE,,1.2,2.1,6.566,7.1,0.0,16.966,-1.233,-1.233
Nationale C 10-11 ans GR,cerceau,2,EMIEUX,Margaux,GYMNASTIQUE RYTHMIQUE AIX EN PROVENCE,,1.1,2.4,6.6,6.5,0.0,16.6,-0.366,-1.599
Nationale C 10-11 ans GR,cerceau,2,DIAZ,Emma,STADE LAURENTIN GRS,,1.4,1.5,5.566,6.666,0.0,15.132,-1.468,-3.067
Nationale C 10-11 ans GR,cerceau,3,DE LA MOTTE ROUGE,ROXANE,GYMNASTIQUE RYTHMIQUE AIX EN PROVENCE,,1.2,1.7,5.4,6.5,0.0,14.8,-0.332,-3.399
Nationale C 10-11 ans GR,cerceau,4,BERTHAUT,Luna,UNION GYMNIQUE DU CANTON DES SOLLIES,,1.2,1.6,4.6,6.566,0.0,13.966,-0.834,-4.233
Nationale C 10-11 ans GR,cerceau,3,SLEPTSOVA,Victoria,ASPTT NICE GR,,0.8,1.6,5.633,5.9,0.0,13.933,-0.033,-4.266
Nationale C 10-11 ans GR,cerceau,5,MURIVA,Tatiana,GYMNASTIQUE RYTHMIQUE AIX EN PROVENCE,,1.2,1.1,5.1,6.2,0.0,13.6,-0.333,-4.599
Nationale C 10-11 ans GR,cerceau,4,MAXIMOVA,Alexandra,GR COTE D'AZUR,,1.0,1.2,4.8,6.266,0.0,13.266,-0.334,-4.933
Nationale C 10-11 ans GR,cerceau,6,FOUTIEAU,Lilou,UNION GYMNIQUE DU CANTON DES SOLLIES,,0.6,1.3,5.4,5.866,0.0,13.166,-0.1,-5.033
Nationale C 10-11 ans GR,cerceau,7,GARCIA,Lola,UNION GYMNIQUE DU CANTON DES SOLLIES,,0.7,0.9,5.466,6.333,0.6,12.799,-0.367,-5.4
Category,Engin,Rang,Nom,Prenom,Club,SCMS,DB,DA,A,EXE,Pen,Total,Diff total,Diff total cumul
Regionale 12-13 ans GR,engin libre,1,MACHADO,Lilly,MONACO GYMNASTIQUE RYTHMIQUE,,0.7,1.2,7.0,8.7,0.0,17.6,0.0,0.0
Regionale 12-13 ans GR,engin libre,2,GREBLIAUSKAS,Marina,ASPTT NICE GR,,0.7,1.8,7.8,6.8,0.0,17.1,-0.5,-0.5
Regionale 12-13 ans GR,engin libre,1,SALVA,Lyna,ISTRES GYMNASTIQUE RYTHMIQUE,,0.5,1.3,7.4,7.3,0.0,16.5,-0.6,-1.1
Regionale 12-13 ans GR,engin libre,2,LAURENT,Lilou,UNION GYMNIQUE DU CANTON DES SOLLIES,,0.4,1.6,6.233,7.5,0.0,15.733,-0.767,-1.867
Regionale 12-13 ans GR,engin libre,3,BROCARD,Jade,ISTRES GYMNASTIQUE RYTHMIQUE,,0.5,1.0,7.066,6.433,0.0,14.999,-0.734,-2.601
Regionale 12-13 ans GR,engin libre,4,GIACCIO,EMIE,UNION GYMNIQUE DU CANTON DES SOLLIES,,0.3,0.7,5.833,7.1,0.0,13.933,-1.066,-3.667
Regionale 12-13 ans GR,engin libre,3,GIROLETTI LASSER,Anne marie,SAINT PAUL LA COLLE OMNISPORTS CLUB GYMNASTIQUE RYTHMIQUE,,0.2,1.0,4.866,6.466,0.0,12.532,-1.401,-5.068
Regionale 12-13 ans GR,engin libre,4,SHUBITIDZE,Nina,MONACO GYMNASTIQUE RYTHMIQUE,,0.4,0.7,4.0,7.2,0.0,12.3,-0.232,-5.3
Regionale 12-13 ans GR,engin libre,5,BOUANICH,Shaïny,GYMNASTIQUE RYTHMIQUE FREJUS,,0.4,0.0,6.766,5.0,0.0,12.166,-0.134,-5.434
Regionale 12-13 ans GR,engin libre,5,LEVY-SOUSSAN,Mila,MONACO GYMNASTIQUE RYTHMIQUE,,0.3,1.4,4.633,5.533,0.0,11.866,-0.3,-5.734
Regionale 12-13 ans GR,engin libre,6,ASENOVA OLIVIA,Kelly,MONACO GYMNASTIQUE RYTHMIQUE,,0.4,0.5,5.7,5.2,0.0,11.8,-0.066,-5.8
Regionale 12-13 ans GR,engin libre,7,MARTHOUD,Laura,SAINT PAUL LA COLLE OMNISPORTS CLUB GYMNASTIQUE RYTHMIQUE,,0.2,0.6,4.166,6.5,0.0,11.466,-0.334,-6.134
Regionale 12-13 ans GR,engin libre,8,REYNOLDS - PUHLE,KATY,ASPTT NICE GR,,0.5,0.5,3.433,6.9,0.0,11.333,-0.133,-6.267
Regionale 12-13 ans GR,engin libre,6,NORROY,Enora,GYMNASTIQUE RYTHMIQUE FREJUS,,0.4,0.8,4.033,6.1,0.0,11.333,0.0,-6.267
Regionale 12-13 ans GR,engin libre,7,SEGUIN,Clara,GYMNASTIQUE RYTHMIQUE FREJUS,,0.5,0.0,4.0,6.466,0.0,10.966,-0.367,-6.634
Regionale 12-13 ans GR,engin libre,8,MATHIEU,Louane,ASSOCIATION SPORTIVE ST RAPHAELOISE GRS,,0.2,0.6,4.366,5.666,0.0,10.832,-0.134,-6.768
Regionale 12-13 ans GR,engin libre,9,GUYOMARCH,Justine,GYMNASTIQUE RYTHMIQUE FREJUS,,0.3,0.2,3.333,6.166,0.0,9.999,-0.833,-7.601
Regionale 12-13 ans GR,engin libre,9,LIPKO,MILA EWA,ASPTT NICE GR,,0.4,0.5,3.0,6.266,0.6,9.566,-0.433,-8.034
Regionale 12-13 ans GR,engin libre,10,POMMIES,Celia,GYMNASTIQUE RYTHMIQUE FREJUS,,0.3,0.4,3.5,5.333,0.0,9.533,-0.033,-8.067
Regionale 12-13 ans GR,engin libre,11,JOLIBOIS,Anna,GYMNASTIQUE RYTHMIQUE FREJUS,,0.0,0.0,3.466,5.766,0.3,8.932,-0.601,-8.668
Regionale 12-13 ans GR,engin libre,12,LEFORT,Margaux,GYMNASTIQUE RYTHMIQUE FREJUS,,0.3,0.0,4.066,4.166,0.0,8.532,-0.4,-9.068
Regionale 12-13 ans GR,engin libre,10,LACROIX,Maeva,ENTENTE GYMNIQUE GRAND AVIGNON,,0.1,0.4,2.966,4.933,0.3,8.099,-0.433,-9.501
Regionale 12-13 ans GR,engin libre,11,THAO,Tam-linh,ENTENTE GYMNIQUE GRAND AVIGNON,,0.1,0.5,2.266,4.466,0.3,7.032,-1.067,-10.568
Category,Engin,Rang,Nom,Prenom,Club,SCMS,DB,DA,A,EXE,Pen,Total,Diff total,Diff total cumul
Nationale 7-9 ans GR,ballon,1,GREBLIAUSKAS,Elisabeth,ASPTT NICE GR,,1.3,1.3,6.2,6.333,0.0,15.133,-13.4,-13.4
Nationale 7-9 ans GR,ballon,2,HMAD,Ilyana,GR COTE D'AZUR,,1.1,1.0,5.5,5.8,0.0,13.4,-15.133,-15.133
Nationale 7-9 ans GR,ballon,3,TRIFONOV,Maria,ASPTT NICE GR,,0.7,1.0,6.133,4.066,0.0,11.899,-16.1,-16.634
Nationale 7-9 ans GR,ballon,4,RADAELLI,Nicole,GR COTE D'AZUR,,1.0,1.0,5.733,5.4,0.0,13.133,-13.332,-15.4
Nationale 7-9 ans GR,ballon,5,MANGIONE,Eva,GR COTE D'AZUR,,0.8,0.6,5.666,5.266,0.0,12.332,-13.601,-16.201
Nationale 7-9 ans GR,ballon,6,GRUFFAZ,Dasha,GR COTE D'AZUR,,0.4,0.8,5.5,4.266,0.0,10.966,-13.199,-17.567
Nationale 7-9 ans GR,ballon,1,FERRIE,Oriana,UNION GYMNIQUE DU CANTON DES SOLLIES,,0.3,0.0,3.0,3.033,0.0,6.333,-17.399,-22.2
Nationale 7-9 ans GR,mains libres,1,GREBLIAUSKAS,Elisabeth,ASPTT NICE GR,,2.2,,4.6,6.6,0.0,13.4,-15.133,-15.133
Nationale 7-9 ans GR,mains libres,2,HMAD,Ilyana,GR COTE D'AZUR,,2.1,,6.666,5.833,0.0,14.599,-13.934,-13.934
Nationale 7-9 ans GR,mains libres,3,TRIFONOV,Maria,ASPTT NICE GR,,1.5,,6.466,6.6,0.0,14.566,-13.433,-13.967
Nationale 7-9 ans GR,mains libres,4,RADAELLI,Nicole,GR COTE D'AZUR,,1.6,,5.5,5.7,0.0,12.8,-13.665,-15.733
Nationale 7-9 ans GR,mains libres,5,MANGIONE,Eva,GR COTE D'AZUR,,1.8,,4.533,5.5,0.0,11.833,-14.1,-16.7
Nationale 7-9 ans GR,mains libres,6,GRUFFAZ,Dasha,GR COTE D'AZUR,,0.6,,6.533,5.633,0.0,12.766,-11.399,-15.767
Nationale 7-9 ans GR,mains libres,1,FERRIE,Oriana,UNION GYMNIQUE DU CANTON DES SOLLIES,,1.5,,5.733,6.133,0.0,13.366,-10.366,-15.167
Category,Engin,Rang,Nom,Prenom,Club,SCMS,DB,DA,A,EXE,Pen,Total,Diff total,Diff total cumul
Federale 18 ans et plus GR,ruban,1,LANDWERLIN,Kelly,SOCIETE CULTURELLE ET OMNISPORTS DE SAINTE-MARGUERITE,,1.6,1.5,8.1,7.5,0.3,18.4,0.0,0.0
Federale 18 ans et plus GR,ruban,2,FRAIZE,Enza,AS COGOLIN GR,,0.5,2.8,6.666,6.8,0.0,16.766,-1.634,-1.634
Federale 18 ans et plus GR,ruban,3,CATALA,Lilou,GYM RYTHMIC VITROLLES,,0.3,1.8,7.7,6.633,0.0,16.433,-0.333,-1.967
Federale 18 ans et plus GR,ruban,4,LOSSO,Anastasia,ASSOCIATION SPORTIVE ST RAPHAELOISE GRS,,1.3,1.8,7.466,5.866,0.0,16.432,-0.001,-1.968
Federale 18 ans et plus GR,ruban,5,DESTANQUE,CLAIRE,GYMNASTIQUE RYTHMIQUE AIX EN PROVENCE,,0.6,2.2,7.3,5.966,0.0,16.066,-0.366,-2.334
Federale 18 ans et plus GR,ruban,6,VU,Kimberley,ISTRES GYMNASTIQUE RYTHMIQUE,,1.1,1.8,7.566,5.5,0.0,15.966,-0.1,-2.434
Federale 18 ans et plus GR,ruban,7,RIGAUD BRUN,Cecile,ASSOCIATION SPORTIVE ST RAPHAELOISE GRS,,0.7,2.3,6.933,5.733,0.0,15.666,-0.3,-2.734
Federale 18 ans et plus GR,ruban,8,LAUWERS,Margot,CLUB DE GRS ET FUNK JAZZ DE GRIMAUD,,1.1,1.7,6.766,5.7,0.0,15.266,-0.4,-3.134
Federale 18 ans et plus GR,ruban,9,CANIONI,LAETITIA,A.J.S. LA GARDE GRS,,0.9,1.8,6.833,5.966,0.3,15.199,-0.067,-3.201
Federale 18 ans et plus GR,ruban,10,COSSET,Emilia,GYMNASTIQUE RYTHMIQUE AIX EN PROVENCE,,0.8,1.5,7.366,5.3,0.0,14.966,-0.233,-3.434
Federale 18 ans et plus GR,ruban,11,ROSSI—PETITCLERC,Océane,GYMNASTIQUE RYTHMIQUE AIX EN PROVENCE,,1.0,1.8,6.966,5.033,0.0,14.799,-0.167,-3.601
Federale 18 ans et plus GR,ruban,12,ANTOINE,Eva,GYM RYTHMIQUE CLUB SALON GRANS,,1.0,1.8,7.0,4.966,0.0,14.766,-0.033,-3.634
Federale 18 ans et plus GR,ruban,13,DAO,Clémence,SOCIETE CULTURELLE ET OMNISPORTS DE SAINTE-MARGUERITE,,0.9,1.6,6.8,5.666,0.3,14.666,-0.1,-3.734
Federale 18 ans et plus GR,ruban,14,ROINSOL,Ivana,CLUB OMNISPORTS BANDOL SECTION GR,,0.6,1.9,6.366,5.766,0.0,14.632,-0.034,-3.768
Federale 18 ans et plus GR,ruban,15,BERTAUD,Anna,SPORTS LOISIRS ET CULTURE DE MARTIGUES GYMNASTIQUE RYTHMIQUE,,1.0,1.5,6.666,5.366,0.0,14.532,-0.1,-3.868
Federale 18 ans et plus GR,ruban,16,RIVIECCIO,Inès,GYM RYTHMIC VITROLLES,,0.4,1.9,6.766,5.4,0.0,14.466,-0.066,-3.934
Federale 18 ans et plus GR,ruban,17,TYRAN,LOUISE,GYMNASTIQUE RYTHMIQUE AIX EN PROVENCE,,0.4,1.5,6.466,6.0,0.0,14.366,-0.1,-4.034
Federale 18 ans et plus GR,ruban,18,ABDENEBI,Selma,CLUB DE GRS ET FUNK JAZZ DE GRIMAUD,,1.2,1.9,6.0,5.133,0.0,14.233,-0.133,-4.167
Federale 18 ans et plus GR,ruban,19,BERVA,Julie,GYM RYTHMIC VITROLLES,,0.4,1.8,6.2,5.566,0.0,13.966,-0.267,-4.434
Federale 18 ans et plus GR,ruban,20,BOGRIS,Anastasia,CLUB OMNISPORTS BANDOL SECTION GR,,0.7,1.2,6.266,5.6,0.0,13.766,-0.2,-4.634
Federale 18 ans et plus GR,ruban,21,ASINARI,Lola,CLUB GYMNIQUE DE BONNEVEINE MARSEILLE,,1.4,0.9,5.633,4.9,0.0,12.833,-0.933,-5.567
Federale 18 ans et plus GR,ruban,22,CARRION,Elodie,ASSOCIATION SPORTIVE ST RAPHAELOISE GRS,,0.7,2.4,5.666,3.966,0.0,12.732,-0.101,-5.668
Federale 18 ans et plus GR,ruban,23,MOTTE,Alice,GYM RYTHMIQUE CLUB SALON GRANS,,0.8,1.2,5.8,4.866,0.0,12.666,-0.066,-5.734
Federale 18 ans et plus GR,ruban,24,POIROT-ROZEC,Justine,LA DRACENOISE GR,,0.4,1.5,6.2,4.333,0.0,12.433,-0.233,-5.967
Federale 18 ans et plus GR,ruban,25,ARNAUD-GEORGES,Megane,LA DRACENOISE GR,,0.4,1.4,5.866,4.733,0.0,12.399,-0.034,-6.001
Federale 18 ans et plus GR,ruban,26,UGO,Chloé,GYM RYTHMIC VITROLLES,,0.6,1.0,5.6,4.566,0.0,11.766,-0.633,-6.634
Federale 18 ans et plus GR,ruban,27,OCCASO MERCAN,Amarys,CLUB DE GRS ET FUNK JAZZ DE GRIMAUD,,0.7,1.3,6.1,3.6,0.0,11.7,-0.066,-6.7
Federale 18 ans et plus GR,ruban,28,MURDEN,Ilana,CLUB GYMNIQUE DE BONNEVEINE MARSEILLE,,0.5,0.9,5.766,4.4,0.0,11.566,-0.134,-6.834
Federale 18 ans et plus GR,ruban,29,CAUQUIL,Léa,GYM RYTHMIC VITROLLES,,0.1,1.2,6.0,4.233,0.0,11.533,-0.033,-6.867
Federale 18 ans et plus GR,ruban,1,CORMERAIS,Marine,SPORTING CLUB MOUANS SARTOUX GYMNASTIQUE RYTHMIQUE,x,0.8,1.2,6.266,3.233,0.0,11.499,-0.034,-6.901
Federale 18 ans et plus GR,ruban,30,MORETTI,Loanne,CLUB GYMNIQUE DE BONNEVEINE MARSEILLE,,0.4,0.9,5.6,4.166,0.0,11.066,-0.433,-7.334
Federale 18 ans et plus GR,ruban,31,LOMBARDO,Kiara,SPORTS LOISIRS ET CULTURE DE MARTIGUES GYMNASTIQUE RYTHMIQUE,,1.0,1.2,5.266,3.233,0.0,10.699,-0.367,-7.701
Federale 18 ans et plus GR,ruban,2,CADOU,Cyrielle,SPORTING CLUB MOUANS SARTOUX GYMNASTIQUE RYTHMIQUE,x,0.5,1.2,5.133,3.266,0.0,10.099,-0.6,-8.301
Federale 18 ans et plus GR,ruban,3,RIZZO,Manon,ENTENTE GYMNIQUE GRAND AVIGNON,,0.8,1.6,3.666,2.533,0.0,8.599,-1.5,-9.801
